dataset,dataset_label,joint,joint_index,phase_percent,p10,p25,p50_median,p75,p90
sim,Simulation,shoulder_pan.pos,0,0,-8.659340858459473,-5.868131756782532,-4.263736248016357,-1.6703296899795532,-0.04395604506134987
sim,Simulation,shoulder_pan.pos,0,1,-8.659340858459473,-5.868131756782532,-4.263736248016357,-1.681978040933609,-0.04395604506134987
sim,Simulation,shoulder_pan.pos,0,2,-8.659340858459473,-5.868131756782532,-4.263736248016357,-1.7142857313156128,-0.04395604506134987
sim,Simulation,shoulder_pan.pos,0,3,-8.659340858459473,-5.868131756782532,-4.263736248016357,-1.7142857313156128,-0.12307692952454015
sim,Simulation,shoulder_pan.pos,0,4,-8.659340858459473,-5.846153736114502,-4.263736248016357,-1.7142857313156128,-0.008791208639737945
sim,Simulation,shoulder_pan.pos,0,5,-8.668132019042968,-5.978021860122681,-4.351648330688477,-1.38021981716156,-0.20219780392944664
sim,Simulation,shoulder_pan.pos,0,6,-9.35876926803589,-6.227692174911499,-3.995604395866394,-1.0391209214925765,0.7208791434764914
sim,Simulation,shoulder_pan.pos,0,7,-10.325802276611327,-6.109889984130859,-3.384615421295166,-0.7252747416496277,1.9970988799333582
sim,Simulation,shoulder_pan.pos,0,8,-11.832967414855958,-6.5819778680801395,-3.472527503967285,-0.5494505167007446,10.154900749206545
sim,Simulation,shoulder_pan.pos,0,9,-14.716132431983945,-7.167472352981568,-3.6923075914382935,-0.6153846234083176,20.763779119491613
sim,Simulation,shoulder_pan.pos,0,10,-25.5648344039917,-9.230769109725951,-3.8065936088562013,-0.19780219942331284,31.700219669342054
sim,Simulation,shoulder_pan.pos,0,11,-33.224088935852045,-12.211867923736573,-3.7802199125289917,5.535604377985018,34.72386463928226
sim,Simulation,shoulder_pan.pos,0,12,-38.89301173400879,-14.18725281715393,-3.854066004753113,16.508131771087644,38.59692207336428
sim,Simulation,shoulder_pan.pos,0,13,-47.6351636428833,-19.727692251205443,-4.149450446367264,24.029669728279117,46.99481413269045
sim,Simulation,shoulder_pan.pos,0,14,-50.89476747131347,-22.765714454650873,-3.912087917327881,27.488351612091062,50.399119956970225
sim,Simulation,shoulder_pan.pos,0,15,-55.082636280059816,-27.465933179855348,-3.6351646542549134,30.529668664932252,54.42109817504883
sim,Simulation,shoulder_pan.pos,0,16,-58.810723434448235,-31.560439586639404,-3.8681318759918213,34.53713996887207,54.61802142333985
sim,Simulation,shoulder_pan.pos,0,17,-62.893628124237054,-31.516483783721924,-3.536703292131424,37.97230736732483,56.12501039123536
sim,Simulation,shoulder_pan.pos,0,18,-62.998326492309566,-31.17274694442749,-3.3353845429420477,40.074723663330076,58.13608321380615
sim,Simulation,shoulder_pan.pos,0,19,-65.50681512451172,-32.681757774353024,-2.7156044125556944,42.6026364994049,62.062856502532966
sim,Simulation,shoulder_pan.pos,0,20,-66.73406600952148,-31.82417554855347,-3.156044006347656,43.30109786987305,64.54681289672854
sim,Simulation,shoulder_pan.pos,0,21,-66.60219802856446,-31.802199840545654,-4.402637338638305,43.875384473800665,66.02408979797366
sim,Simulation,shoulder_pan.pos,0,22,-67.20527471923828,-33.042636775970465,-3.1648351550102234,44.27692356109619,67.5653624572754
sim,Simulation,shoulder_pan.pos,0,23,-67.63076705932617,-34.6426379776001,-3.1648351550102234,44.72571475982666,67.70144721984863
sim,Simulation,shoulder_pan.pos,0,24,-67.28966949462891,-36.56175922393799,-2.8167033076286305,46.34989013671875,68.00879135131837
sim,Simulation,shoulder_pan.pos,0,25,-69.31208724975586,-38.56044054031372,-2.681318700313568,46.80219554901123,68.34725456237794
sim,Simulation,shoulder_pan.pos,0,26,-70.09230728149414,-40.05406513214111,-2.484395577907563,46.97054889678955,67.57802200317383
sim,Simulation,shoulder_pan.pos,0,27,-70.07727407073975,-40.178021030426024,-1.9771428489685048,46.56021817207336,67.41977767944336
sim,Simulation,shoulder_pan.pos,0,28,-70.03006378173828,-40.798240928649896,-0.6294505554437617,45.31868267059326,66.8307664489746
sim,Simulation,shoulder_pan.pos,0,29,-70.65802214050292,-41.28879207611084,0.6092307710647566,45.13912052154541,64.75885647583009
sim,Simulation,shoulder_pan.pos,0,30,-72.1740657043457,-42.241756439208984,0.6461538653820749,43.925274467468256,64.79296615600587
sim,Simulation,shoulder_pan.pos,0,31,-72.30769500732421,-42.45362705230713,-0.09406593449414064,44.19780254364014,64.49160473632814
sim,Simulation,shoulder_pan.pos,0,32,-73.60703448486328,-42.90109825134277,-0.4395604655146599,45.45054817199707,63.36738685607913
sim,Simulation,shoulder_pan.pos,0,33,-75.10848226165773,-43.011866416931156,-0.3956044241786003,45.53846073150635,62.11648260879521
sim,Simulation,shoulder_pan.pos,0,34,-75.34945144653321,-42.91428684234619,-0.35164837539196014,45.410109519958496,62.03270098876957
sim,Simulation,shoulder_pan.pos,0,35,-75.2821968460083,-42.98901081085205,-0.5186813324689872,44.62637376785278,61.986814117431685
sim,Simulation,shoulder_pan.pos,0,36,-75.05793634033203,-43.12087821960449,-0.031648349761962846,43.83560375213623,61.97802352905278
sim,Simulation,shoulder_pan.pos,0,37,-74.88351516723633,-43.97274740219116,0.17582428455352783,43.400000762939456,62.013273891449
sim,Simulation,shoulder_pan.pos,0,38,-74.8043930053711,-44.19780158996582,0.12131873369217017,42.2417573928833,61.45828229522706
sim,Simulation,shoulder_pan.pos,0,39,-74.66751853179932,-44.19450483322144,2.656703317165383,42.1081307220459,61.61001868057253
sim,Simulation,shoulder_pan.pos,0,40,-73.18328979492188,-43.999999046325684,3.3846153616905212,41.947251319885254,61.661534500122094
sim,Simulation,shoulder_pan.pos,0,41,-72.70329360961914,-43.93406677246094,1.2307692766189575,41.9780216217041,61.661534500122094
sim,Simulation,shoulder_pan.pos,0,42,-72.69151361083983,-43.8021936416626,2.506373655796051,41.9780216217041,61.635161209106464
sim,Simulation,shoulder_pan.pos,0,43,-72.8600449295044,-43.8021936416626,3.1806593298912054,43.221098289489746,61.71428680419924
sim,Simulation,shoulder_pan.pos,0,44,-68.69590817260742,-44.19780158996582,2.709450521171093,42.714724998474125,61.78637001037599
sim,Simulation,shoulder_pan.pos,0,45,-69.12044017791747,-44.17033076286316,2.8461538311094197,42.791208267211914,61.9516498565674
sim,Simulation,shoulder_pan.pos,0,46,-69.4153823852539,-43.62417612075805,5.318681240081787,42.96703338623047,64.28308186340335
sim,Simulation,shoulder_pan.pos,0,47,-69.38391011047364,-44.520878105163575,5.856703186035158,41.85406543731688,64.38698650360112
sim,Simulation,shoulder_pan.pos,0,48,-69.35384368896484,-42.89934173583985,4.330549383163454,41.07692337036133,64.0879142761231
sim,Simulation,shoulder_pan.pos,0,49,-69.35384368896484,-41.82153854370117,3.53054942548276,43.01098823547363,64.09670562744147
sim,Simulation,shoulder_pan.pos,0,50,-72.33845596313478,-41.91208839416504,2.615384576842189,42.967031478881836,63.841758728027386
sim,Simulation,shoulder_pan.pos,0,51,-73.77582550048828,-41.271208658218384,-1.169670341908947,41.41714147567748,63.57802467346194
sim,Simulation,shoulder_pan.pos,0,52,-73.77969369506836,-39.38725326538086,-3.4250550985336297,41.20967102050781,63.49011268615725
sim,Simulation,shoulder_pan.pos,0,53,-73.85494766235351,-41.997581768035886,-2.0817582418024507,39.80219841003418,63.806682376861616
sim,Simulation,shoulder_pan.pos,0,54,-74.25055160522462,-41.59736129760742,-1.0654945369809528,40.22593521118164,63.545847770690955
sim,Simulation,shoulder_pan.pos,0,55,-74.26945224761963,-41.32197828292847,-2.997802257537833,41.17802171707155,61.41010910034179
sim,Simulation,shoulder_pan.pos,0,56,-74.44536260986328,-41.95604419708252,-6.881757831573484,40.96439559936525,58.91868057250978
sim,Simulation,shoulder_pan.pos,0,57,-70.01441624450672,-41.673847389221194,-5.786373434066771,39.297581977844246,58.91868057250978
sim,Simulation,shoulder_pan.pos,0,58,-67.64852558898926,-41.250988769531254,-2.157362687587735,37.0839557647705,60.31577906799318
sim,Simulation,shoulder_pan.pos,0,59,-64.33345044708253,-37.537583045959465,-4.208791196346296,36.98549480438233,59.67094330215454
sim,Simulation,shoulder_pan.pos,0,60,-67.7503254699707,-39.38901214599609,-9.599999809265135,38.123076820373555,58.57582321166993
sim,Simulation,shoulder_pan.pos,0,61,-61.31269863891601,-43.550770530700674,-6.032966911792768,35.47736158370973,58.70769195556642
sim,Simulation,shoulder_pan.pos,0,62,-60.61678936004638,-45.56571418762208,-4.014065923690778,32.701539268493654,59.834721450805674
sim,Simulation,shoulder_pan.pos,0,63,-57.51094313049316,-45.9437367630005,-2.085274709463079,32.52659289836879,64.1582405090332
sim,Simulation,shoulder_pan.pos,0,64,-59.38145011901857,-42.717360038757306,-1.3432967716455444,32.8817583847046,63.97608453369141
sim,Simulation,shoulder_pan.pos,0,65,-60.1090128326416,-44.52747411727905,-2.901098847389221,36.401098680496204,63.30461788177491
sim,Simulation,shoulder_pan.pos,0,66,-61.770198272705066,-40.79121017456055,-3.1789011433720558,40.17318626403808,61.530899879455504
sim,Simulation,shoulder_pan.pos,0,67,-62.42848698425293,-41.26549369812007,-3.3406593799591064,43.03736340522768,58.788747070312525
sim,Simulation,shoulder_pan.pos,0,68,-62.46119067382813,-40.64703338623047,-2.1661539518832944,39.153407211303715,59.150414779663095
sim,Simulation,shoulder_pan.pos,0,69,-58.916218719482416,-41.208790206909185,0.727912073731432,37.2632970046997,60.50285293960568
sim,Simulation,shoulder_pan.pos,0,70,-63.14989189147949,-40.010988616943365,-0.19780221562832412,35.84615421295166,59.4496713256836
sim,Simulation,shoulder_pan.pos,0,71,-64.15833071899414,-40.110769577026375,-1.0549450814723969,34.302856245040914,60.73081659317017
sim,Simulation,shoulder_pan.pos,0,72,-63.509099166870115,-37.498021545410154,-3.4479121160507202,34.93098915100097,59.171162170410206
sim,Simulation,shoulder_pan.pos,0,73,-61.26268033981323,-38.84483252525331,-2.0641758632659655,32.2250541114807,59.48834915161136
sim,Simulation,shoulder_pan.pos,0,74,-57.47164752960204,-40.24219877243042,-2.6813185811042786,29.981537475585938,52.18320771789556
sim,Simulation,shoulder_pan.pos,0,75,-55.520878887176515,-39.236263990402215,-2.2967033386230478,28.96703290939331,52.149451065063474
sim,Simulation,shoulder_pan.pos,0,76,-54.6236478881836,-32.74197826385499,-2.3032967495918317,28.241758823394775,48.362198806762706
sim,Simulation,shoulder_pan.pos,0,77,-54.9971854057312,-26.90945038795467,-2.407033012509359,23.418022141456547,46.60122987747193
sim,Simulation,shoulder_pan.pos,0,78,-55.304263557434076,-21.96483510017398,-3.9516483831405544,15.479559822082532,38.57230757141117
sim,Simulation,shoulder_pan.pos,0,79,-55.16773788070679,-20.518681335449216,-3.871648368835447,9.500219738483462,34.3620222015381
sim,Simulation,shoulder_pan.pos,0,80,-44.423737182617,-17.428571414947513,-4.19340658187866,4.395604372024536,30.25934192657472
sim,Simulation,shoulder_pan.pos,0,81,-37.48536203765871,-16.197361793518066,-3.828571488857266,3.5802197283506536,26.852307004928615
sim,Simulation,shoulder_pan.pos,0,82,-33.020483901977535,-14.005274715423587,-3.495384588241577,1.0918681341409646,20.815473075866695
sim,Simulation,shoulder_pan.pos,0,83,-31.220219947814936,-11.366153640747122,-3.7595603346824618,0.9890110045671463,14.707428175926214
sim,Simulation,shoulder_pan.pos,0,84,-30.298723327636644,-8.763955965042102,-3.636043977737427,1.18769235432148,10.401757926940796
sim,Simulation,shoulder_pan.pos,0,85,-20.88219861030578,-7.846153455972659,-3.309890186786645,-0.5142856933176512,5.874285602569589
sim,Simulation,shoulder_pan.pos,0,86,-15.108043849945028,-7.205274968147263,-3.9085714244842498,-0.6751648348570004,3.7960440297126827
sim,Simulation,shoulder_pan.pos,0,87,-13.213450952529907,-6.407032823562615,-3.946373484134673,-0.7472527623176575,3.542856907844557
sim,Simulation,shoulder_pan.pos,0,88,-9.947779872894278,-6.240878987312308,-3.780219554901123,-0.9230769276618958,3.8857142925262704
sim,Simulation,shoulder_pan.pos,0,89,-8.546285872459416,-6.109889984130859,-3.4092307710647574,-0.7472527623176575,2.3560440540313743
sim,Simulation,shoulder_pan.pos,0,90,-8.131868362426758,-6.015384495258332,-3.674725341796874,-0.9890110343694687,0.9257142961025201
sim,Simulation,shoulder_pan.pos,0,91,-8.206945281028746,-6.137142729759211,-4.131868124008179,-1.5195604681968684,0.04175824251398516
sim,Simulation,shoulder_pan.pos,0,92,-8.052747058868409,-6.109889984130859,-4.110769224166872,-1.7591208112239853,-0.38681319355964583
sim,Simulation,shoulder_pan.pos,0,93,-7.956043243408203,-5.956043839454651,-3.9679120028018944,-1.7107692480087293,-0.5714285373687744
sim,Simulation,shoulder_pan.pos,0,94,-7.956043243408203,-5.969230651855467,-3.9727471351623516,-1.274725317955017,-0.19956044176220908
sim,Simulation,shoulder_pan.pos,0,95,-7.876922369003296,-6.02197790145874,-3.7362637519836426,-1.692307710647583,-0.21802197992801625
sim,Simulation,shoulder_pan.pos,0,96,-7.876922369003296,-5.899780106544494,-4.3041758060455315,-1.738021961450576,-0.026373626664279393
sim,Simulation,shoulder_pan.pos,0,97,-7.958153144836426,-5.934065818786621,-4.307692289352417,-1.7142857313156128,-0.04395604506134987
sim,Simulation,shoulder_pan.pos,0,98,-7.876922369003296,-5.934065818786621,-4.351648330688477,-1.7142857313156128,-0.04395604506134987
sim,Simulation,shoulder_pan.pos,0,99,-7.876922369003296,-5.934065818786621,-4.307692289352417,-1.6483516693115234,-0.04395604506134987
sim,Simulation,shoulder_pan.pos,0,100,-7.876922369003296,-5.934065818786621,-4.219780206680298,-1.6483516693115234,-0.04395604506134987
sim,Simulation,shoulder_lift.pos,1,0,-100.00003814697266,-100.00003814697266,-100.00003814697266,-100.00003814697266,-97.66153564453126
sim,Simulation,shoulder_lift.pos,1,1,-100.00003814697266,-100.00003814697266,-100.00003814697266,-100.00003814697266,-97.66153564453126
sim,Simulation,shoulder_lift.pos,1,2,-100.00003814697266,-100.00003814697266,-100.00003814697266,-100.00003814697266,-97.66153564453126
sim,Simulation,shoulder_lift.pos,1,3,-100.00003814697266,-100.00003814697266,-100.00003814697266,-100.00003814697266,-97.66153564453126
sim,Simulation,shoulder_lift.pos,1,4,-100.00003814697266,-100.00003814697266,-100.00003814697266,-100.00003814697266,-97.66153564453126
sim,Simulation,shoulder_lift.pos,1,5,-100.00003814697266,-100.00003814697266,-100.00003814697266,-100.00003814697266,-98.16879138946533
sim,Simulation,shoulder_lift.pos,1,6,-100.00003814697266,-100.00003814697266,-100.00003814697266,-100.00003814697266,-98.53187103271485
sim,Simulation,shoulder_lift.pos,1,7,-100.00003814697266,-100.00003814697266,-100.00003814697266,-100.00003814697266,-100.00003814697266
sim,Simulation,shoulder_lift.pos,1,8,-100.00003814697266,-100.00003814697266,-100.00003814697266,-100.00003814697266,-100.00003814697266
sim,Simulation,shoulder_lift.pos,1,9,-100.00003814697266,-100.00003814697266,-100.00003814697266,-100.00003814697266,-100.00003814697266
sim,Simulation,shoulder_lift.pos,1,10,-100.00003814697266,-100.00003814697266,-100.00003814697266,-100.00003814697266,-99.81981460571288
sim,Simulation,shoulder_lift.pos,1,11,-100.00003814697266,-100.00003814697266,-100.00003814697266,-100.00003814697266,-98.71076597595214
sim,Simulation,shoulder_lift.pos,1,12,-100.00003814697266,-100.00003814697266,-100.00003814697266,-100.00003814697266,-97.40483508300781
sim,Simulation,shoulder_lift.pos,1,13,-100.00003814697266,-100.00003814697266,-100.00003814697266,-100.00003814697266,-95.85819651794434
sim,Simulation,shoulder_lift.pos,1,14,-100.00003814697266,-100.00003814697266,-100.00003814697266,-100.00003814697266,-75.74311967468257
sim,Simulation,shoulder_lift.pos,1,15,-100.00003814697266,-100.00003814697266,-100.00003814697266,-97.0736291885376,-55.5846149253845
sim,Simulation,shoulder_lift.pos,1,16,-100.00003814697266,-100.00003814697266,-100.00003814697266,-84.49845832824704,-43.62444026184081
sim,Simulation,shoulder_lift.pos,1,17,-100.00003814697266,-100.00003814697266,-100.00003814697266,-67.71054796218873,-29.54496696281433
sim,Simulation,shoulder_lift.pos,1,18,-100.00003814697266,-100.00003814697266,-100.00003814697266,-54.89142765045164,-17.233758563995348
sim,Simulation,shoulder_lift.pos,1,19,-100.00003814697266,-100.00003814697266,-97.98768886566161,-45.52769200325012,-6.938637425899493
sim,Simulation,shoulder_lift.pos,1,20,-100.00003814697266,-100.00003814697266,-84.14066162109376,-36.26813201904295,3.2439559054375033
sim,Simulation,shoulder_lift.pos,1,21,-100.00003814697266,-97.25428546905518,-63.04835048675537,-25.266593403816223,8.729406989574455
sim,Simulation,shoulder_lift.pos,1,22,-100.00003814697266,-85.45846229553226,-52.975824966430665,-20.24219729423521,12.994637191772506
sim,Simulation,shoulder_lift.pos,1,23,-100.00003814697266,-72.08703243255616,-40.054944038391106,-13.98395606517791,20.702506074905404
sim,Simulation,shoulder_lift.pos,1,24,-100.00003814697266,-59.49538200378419,-30.234725799560543,-6.677801933288575,25.76492263793948
sim,Simulation,shoulder_lift.pos,1,25,-100.00003814697266,-53.23626375198365,-23.076923131942753,1.126373615115881,33.487911844253546
sim,Simulation,shoulder_lift.pos,1,26,-95.23850723266602,-46.49670358657838,-16.69362646102905,8.094065918922421,36.6669001083374
sim,Simulation,shoulder_lift.pos,1,27,-90.65661582946777,-40.67362597465515,-10.621099076271058,13.280659344196314,39.643165012359646
sim,Simulation,shoulder_lift.pos,1,28,-88.76096936035157,-37.43296657562256,-5.67384629249573,18.771868305206304,41.79621926879884
sim,Simulation,shoulder_lift.pos,1,29,-87.4108129272461,-33.51032829284668,-2.51516489744187,22.10857116699218,44.00510055541993
sim,Simulation,shoulder_lift.pos,1,30,-80.36043899536133,-30.24615306854248,0.835164816677568,25.57362704277038,45.65011047363285
sim,Simulation,shoulder_lift.pos,1,31,-73.98259595489496,-28.50417586803436,6.902417647838605,30.00395587444305,50.156394100189246
sim,Simulation,shoulder_lift.pos,1,32,-67.80237222290039,-26.432527313232416,9.417142772674561,32.06065963745117,55.34346809387209
sim,Simulation,shoulder_lift.pos,1,33,-64.8947706298828,-25.46439640998841,11.256263980865475,35.02021882057189,55.93758194732668
sim,Simulation,shoulder_lift.pos,1,34,-59.19982292175293,-24.954725456237796,14.04043928146362,37.23472520828247,57.52650684356689
sim,Simulation,shoulder_lift.pos,1,35,-56.51736200332641,-22.857142305374143,14.672527313232424,38.25493965148926,58.22417854309085
sim,Simulation,shoulder_lift.pos,1,36,-55.02382398986816,-20.98461498260498,17.026812973022455,38.85098831176758,58.584266921997134
sim,Simulation,shoulder_lift.pos,1,37,-51.655823852539065,-17.813626537323014,18.64923013687134,40.55120997428894,62.31858915328979
sim,Simulation,shoulder_lift.pos,1,38,-47.04562695312499,-11.720439443588258,19.071648139953616,39.53845977783203,62.67077258300784
sim,Simulation,shoulder_lift.pos,1,39,-46.6825509262085,-7.145494399070715,20.494504928588867,38.93582326889038,63.28658918762211
sim,Simulation,shoulder_lift.pos,1,40,-46.41582389831543,-6.281318783760071,19.68351650238037,39.42417621612548,64.26022308349614
sim,Simulation,shoulder_lift.pos,1,41,-45.916659019470224,-6.064176018238061,19.868131637573242,40.67692360877993,66.28351516723637
sim,Simulation,shoulder_lift.pos,1,42,-44.86153678894043,-12.703736095428443,20.031647357940674,41.545933380126954,67.31480970764161
sim,Simulation,shoulder_lift.pos,1,43,-44.78241806030273,-8.667912356853485,19.966153802871705,41.23076915740967,67.7845276260376
sim,Simulation,shoulder_lift.pos,1,44,-45.469890197753905,-12.765714235305783,20.225054244995114,43.27120800018311,70.1883014831543
sim,Simulation,shoulder_lift.pos,1,45,-46.57714145660398,-14.28351596593858,19.980219888687134,44.69010696411133,70.62857437133792
sim,Simulation,shoulder_lift.pos,1,46,-47.03437409973146,-20.0123078250885,18.69626388549805,44.30769157409668,69.34048240661626
sim,Simulation,shoulder_lift.pos,1,47,-46.081759674072266,-18.609011645317064,17.075165100097657,44.89164736747742,69.51455187988286
sim,Simulation,shoulder_lift.pos,1,48,-46.124306777954104,-20.58725307464599,16.850989112854002,44.98373626708987,69.40272741699224
sim,Simulation,shoulder_lift.pos,1,49,-49.38022041320801,-23.863955478668206,16.480439319610596,43.07055059432983,69.12422029113773
sim,Simulation,shoulder_lift.pos,1,50,-49.81978073120117,-22.725274562835693,15.296701908111572,41.87912130355835,69.80659561157226
sim,Simulation,shoulder_lift.pos,1,51,-52.228570556640626,-23.82637350559234,13.768791007995606,40.59340763092041,68.45406719207766
sim,Simulation,shoulder_lift.pos,1,52,-57.06057304382324,-24.55032953262329,13.230769157409668,38.16527431488038,67.9743314819336
sim,Simulation,shoulder_lift.pos,1,53,-58.281408390045165,-26.646153469085704,12.615384483337404,36.76373532295234,65.257935585022
sim,Simulation,shoulder_lift.pos,1,54,-57.919825859069825,-30.45362559318543,11.89186813354491,34.88791103363037,60.5380169067383
sim,Simulation,shoulder_lift.pos,1,55,-58.94417659759522,-33.47912015914916,3.679120975732832,33.800000286102275,56.23956188201906
sim,Simulation,shoulder_lift.pos,1,56,-55.684570877075195,-35.90241817474365,0.8386813022196293,31.783734951019238,55.96835267639161
sim,Simulation,shoulder_lift.pos,1,57,-56.91041820907595,-37.65692204475397,-3.212747299671169,27.016484003067003,55.393671192169194
sim,Simulation,shoulder_lift.pos,1,58,-59.285274856567355,-38.78241615295407,-4.472088048458087,25.09274778366092,57.856529228210455
sim,Simulation,shoulder_lift.pos,1,59,-63.13758094787599,-39.54153918266297,-6.0439560008049265,22.15934054851532,57.33978186416626
sim,Simulation,shoulder_lift.pos,1,60,-70.6408787536621,-38.38681278228758,-6.443956112861631,24.21978044509888,55.514724502563475
sim,Simulation,shoulder_lift.pos,1,61,-70.79700994110107,-36.7270337295532,-2.1938459205627456,26.10022001266476,48.387340393066445
sim,Simulation,shoulder_lift.pos,1,62,-74.35621775817872,-41.777579956054716,-0.5037362697720656,27.171867618560803,42.26145043945319
sim,Simulation,shoulder_lift.pos,1,63,-81.73433000946045,-39.052747325897215,-2.478681399077113,23.592307887077336,42.93705411148066
sim,Simulation,shoulder_lift.pos,1,64,-82.53714300537109,-40.84483615875244,-1.9024176335334668,24.23208766937256,42.322990020751966
sim,Simulation,shoulder_lift.pos,1,65,-85.11121109008789,-37.813186836242636,-3.832967054843891,23.28131856918334,41.751208438873384
sim,Simulation,shoulder_lift.pos,1,66,-84.9476946258545,-38.82373615264893,-0.0632967037707588,19.88043998718262,43.30303453063966
sim,Simulation,shoulder_lift.pos,1,67,-82.63041744995117,-40.074284973144515,0.9929670253396001,21.460218997001565,44.09160389328005
sim,Simulation,shoulder_lift.pos,1,68,-83.294240234375,-41.39604316711423,-6.0061539649963365,21.301978111267086,42.79736218261719
sim,Simulation,shoulder_lift.pos,1,69,-83.21986616516114,-42.17296576499941,-3.4303297346830486,24.624175662994382,40.18162729263308
sim,Simulation,shoulder_lift.pos,1,70,-90.09934120178228,-43.393405532837,-7.336263704299949,25.186813354492188,42.582856216430685
sim,Simulation,shoulder_lift.pos,1,71,-91.86760608673096,-46.06922970771791,-6.748131630420714,25.015385246276857,42.37081216430665
sim,Simulation,shoulder_lift.pos,1,72,-95.52650888061524,-48.198682708740215,-9.181538581848143,23.048790988922104,44.139251403808586
sim,Simulation,shoulder_lift.pos,1,73,-99.57357209777817,-53.87296600341798,-11.8413184309006,25.82043996334074,41.59578042221073
sim,Simulation,shoulder_lift.pos,1,74,-100.00003814697266,-57.21318630218505,-16.873845586776802,24.15736284255981,39.316923194885256
sim,Simulation,shoulder_lift.pos,1,75,-100.00003814697266,-63.39560484886175,-22.725274324417114,19.60439622402191,38.85714340209961
sim,Simulation,shoulder_lift.pos,1,76,-100.00003814697266,-68.43692321777351,-33.19208915710453,13.498022012710534,38.02022123718262
sim,Simulation,shoulder_lift.pos,1,77,-100.00003814697266,-73.53230590820316,-32.78153882980348,2.1808792272210145,36.970020645141645
sim,Simulation,shoulder_lift.pos,1,78,-100.00003814697266,-77.86242027282714,-41.72307777404785,-1.2408791959285734,33.194901733398446
sim,Simulation,shoulder_lift.pos,1,79,-100.00003814697266,-85.68065870285034,-51.24615325927738,-2.3762637580930996,26.699427780151385
sim,Simulation,shoulder_lift.pos,1,80,-100.00003814697266,-91.3626369476319,-59.82417602539061,-6.171428680419935,22.081757545471163
sim,Simulation,shoulder_lift.pos,1,81,-100.00003814697266,-99.96968429565429,-66.05142761230468,-12.423516440391627,15.576967170715339
sim,Simulation,shoulder_lift.pos,1,82,-100.00003814697266,-100.00003814697266,-74.63560455322263,-18.779340648651058,7.093450710296727
sim,Simulation,shoulder_lift.pos,1,83,-100.00003814697266,-100.00003814697266,-80.23648498535155,-30.1452766799927,-2.630329728126537
sim,Simulation,shoulder_lift.pos,1,84,-100.00003814697266,-100.00003814697266,-86.62857315063482,-42.671648750305046,-10.774153672218297
sim,Simulation,shoulder_lift.pos,1,85,-100.00003814697266,-100.00003814697266,-91.92087879180906,-54.16043858528138,-16.04044037342062
sim,Simulation,shoulder_lift.pos,1,86,-100.00003814697266,-100.00003814697266,-97.69759216308589,-60.88351667404181,-24.117978061676077
sim,Simulation,shoulder_lift.pos,1,87,-100.00003814697266,-100.00003814697266,-100.00003814697266,-73.15098663330076,-44.56615435791018
sim,Simulation,shoulder_lift.pos,1,88,-100.00003814697266,-100.00003814697266,-100.00003814697266,-84.98197578430177,-60.754286819458166
sim,Simulation,shoulder_lift.pos,1,89,-100.00003814697266,-100.00003814697266,-100.00003814697266,-93.73582340240479,-72.04052550506592
sim,Simulation,shoulder_lift.pos,1,90,-100.00003814697266,-100.00003814697266,-100.00003814697266,-98.31868190765405,-85.42241607666017
sim,Simulation,shoulder_lift.pos,1,91,-100.00003814697266,-100.00003814697266,-100.00003814697266,-100.00003814697266,-92.17784642791746
sim,Simulation,shoulder_lift.pos,1,92,-100.00003814697266,-100.00003814697266,-100.00003814697266,-100.00003814697266,-97.03666088867186
sim,Simulation,shoulder_lift.pos,1,93,-100.00003814697266,-100.00003814697266,-100.00003814697266,-100.00003814697266,-97.36263732910156
sim,Simulation,shoulder_lift.pos,1,94,-100.00003814697266,-100.00003814697266,-100.00003814697266,-100.00003814697266,-97.28351516723633
sim,Simulation,shoulder_lift.pos,1,95,-100.00003814697266,-100.00003814697266,-100.00003814697266,-100.00003814697266,-96.94065990447999
sim,Simulation,shoulder_lift.pos,1,96,-100.00003814697266,-100.00003814697266,-100.00003814697266,-100.00003814697266,-97.48078509521484
sim,Simulation,shoulder_lift.pos,1,97,-100.00003814697266,-100.00003814697266,-100.00003814697266,-100.00003814697266,-97.57362823486328
sim,Simulation,shoulder_lift.pos,1,98,-100.00003814697266,-100.00003814697266,-100.00003814697266,-100.00003814697266,-97.4769172668457
sim,Simulation,shoulder_lift.pos,1,99,-100.00003814697266,-100.00003814697266,-100.00003814697266,-100.00003814697266,-97.4769172668457
sim,Simulation,shoulder_lift.pos,1,100,-100.00003814697266,-100.00003814697266,-100.00003814697266,-100.00003814697266,-97.4769172668457
sim,Simulation,elbow_flex.pos,2,0,96.51868209838867,96.61538696289062,96.61538696289062,96.72527694702148,96.82992553710938
sim,Simulation,elbow_flex.pos,2,1,96.52747344970703,96.61538696289062,96.61538696289062,96.70330047607422,96.82992553710938
sim,Simulation,elbow_flex.pos,2,2,96.52747344970703,96.61538696289062,96.61538696289062,96.70330047607422,96.82992553710938
sim,Simulation,elbow_flex.pos,2,3,96.52747344970703,96.61538696289062,96.61538696289062,96.70330047607422,96.82992553710938
sim,Simulation,elbow_flex.pos,2,4,96.51868209838867,96.61538696289062,96.61538696289062,96.70330047607422,96.82992553710938
sim,Simulation,elbow_flex.pos,2,5,96.13714191436767,96.61538696289062,96.61538696289062,96.70330047607422,96.82992553710938
sim,Simulation,elbow_flex.pos,2,6,95.81186553955078,96.52747344970703,96.61538696289062,96.70330047607422,96.79120635986328
sim,Simulation,elbow_flex.pos,2,7,94.93063571166992,96.46395593643189,96.61538696289062,96.70330047607422,96.79120635986328
sim,Simulation,elbow_flex.pos,2,8,92.87631045532227,96.29538177490235,96.61538696289062,96.70330047607422,96.79120635986328
sim,Simulation,elbow_flex.pos,2,9,92.29186901855469,95.81472309112549,96.52747344970703,96.70330047607422,96.79120635986328
sim,Simulation,elbow_flex.pos,2,10,86.59868240356445,95.11648445129394,96.52747344970703,96.67692642211915,96.7437371826172
sim,Simulation,elbow_flex.pos,2,11,84.37257081604004,94.5129658126831,96.52659431457519,96.61538696289062,96.71209106445312
sim,Simulation,elbow_flex.pos,2,12,84.25177673339844,93.07956024169923,96.43955993652344,96.61538696289062,96.70330047607422
sim,Simulation,elbow_flex.pos,2,13,81.07331772613524,92.29889984130858,96.17582702636719,96.61538696289062,96.70330047607422
sim,Simulation,elbow_flex.pos,2,14,76.57564630126953,91.25274585723876,95.82417297363281,96.61538696289062,96.70330047607422
sim,Simulation,elbow_flex.pos,2,15,62.83120576858521,89.10439348220825,94.4615364074707,96.61538696289062,96.70330047607422
sim,Simulation,elbow_flex.pos,2,16,51.29599920654297,81.47076919555664,93.67384613037109,96.61538696289062,96.70330047607422
sim,Simulation,elbow_flex.pos,2,17,43.492044071197505,71.49362545013426,92.48527496337891,96.47736274719239,96.62241973876954
sim,Simulation,elbow_flex.pos,2,18,33.31094508361816,62.03296773910521,90.45450653076172,95.79692489624023,96.61538696289062
sim,Simulation,elbow_flex.pos,2,19,26.73599955940249,55.45406505584717,85.93186550140382,94.48439483642576,96.55129801177978
sim,Simulation,elbow_flex.pos,2,20,16.926593284606934,49.76263751983643,80.9758201599121,92.83516349792481,96.17582702636719
sim,Simulation,elbow_flex.pos,2,21,8.78250563907623,46.234944105148315,68.40615417480467,88.55164947509765,94.12193502807618
sim,Simulation,elbow_flex.pos,2,22,4.015648362398148,38.96922985076904,62.178461761474615,81.42022102355958,94.91586505126953
sim,Simulation,elbow_flex.pos,2,23,-4.315340878963459,33.71230834960937,56.18109767913817,74.9443937110901,91.92966918945315
sim,Simulation,elbow_flex.pos,2,24,-9.553230724334716,27.94988979339599,52.131866455078125,69.42945114135743,90.27445657348633
sim,Simulation,elbow_flex.pos,2,25,-18.114285516738892,25.131867647171028,47.96703243255615,65.840660572052,89.51208877563477
sim,Simulation,elbow_flex.pos,2,26,-20.718945449829107,20.248790855407716,42.889667778015145,61.504615516662604,85.5293168334961
sim,Simulation,elbow_flex.pos,2,27,-26.302944831848148,12.268791360855104,38.858900737762454,59.03032632827759,80.36958435058598
sim,Simulation,elbow_flex.pos,2,28,-29.43824243164063,6.076483631134028,34.73054870605469,56.851867523193356,79.99894512939457
sim,Simulation,elbow_flex.pos,2,29,-29.635165214538574,2.181758290380239,31.83164863586424,56.04395580291748,79.79147268676759
sim,Simulation,elbow_flex.pos,2,30,-29.18681411743164,-0.2901098921895131,29.91208791732788,55.525273704528814,77.54549316406249
sim,Simulation,elbow_flex.pos,2,31,-29.577670627593992,-6.007033085823062,26.202197666168228,53.51318832397461,76.09213412475587
sim,Simulation,elbow_flex.pos,2,32,-29.36720928192138,-8.66021984100343,23.09626235961914,52.51692256927489,75.78830783081055
sim,Simulation,elbow_flex.pos,2,33,-31.43701194381714,-8.877142815589904,22.837362861633302,51.04395538330078,72.70154051208497
sim,Simulation,elbow_flex.pos,2,34,-35.9578018875122,-8.90109896659851,21.635164260864258,49.31033033370972,71.07376014709477
sim,Simulation,elbow_flex.pos,2,35,-36.41054777145386,-10.015384852886202,20.703296661376953,47.279121017456056,70.64087280273442
sim,Simulation,elbow_flex.pos,2,36,-36.741625198364254,-12.386813402175903,18.834286270141604,47.484835090637205,71.04668267822268
sim,Simulation,elbow_flex.pos,2,37,-39.793582317352296,-12.25648362159729,17.111648931503296,47.31428524017334,72.86821900939943
sim,Simulation,elbow_flex.pos,2,38,-42.20483506011963,-11.164835453033447,15.09274709701538,46.287473297119135,70.50338554382327
sim,Simulation,elbow_flex.pos,2,39,-50.24456865310668,-13.638461451530468,13.900659265518186,43.87076905250549,70.13626022338869
sim,Simulation,elbow_flex.pos,2,40,-54.139780273437495,-11.89011001586914,13.23076934814453,41.621978187561034,70.09582077026369
sim,Simulation,elbow_flex.pos,2,41,-56.42848346328735,-11.971208472251892,13.142857074737549,41.962856798172,70.29133842468269
sim,Simulation,elbow_flex.pos,2,42,-47.97678993988037,-12.850109524726863,13.852307958602903,41.658021202087404,72.467694732666
sim,Simulation,elbow_flex.pos,2,43,-50.44140542221068,-14.483515501022339,14.818461542129516,41.005055322647074,72.16123138427734
sim,Simulation,elbow_flex.pos,2,44,-53.24307733154296,-14.265494728088381,15.59384599685669,43.25714359283447,70.03921109008792
sim,Simulation,elbow_flex.pos,2,45,-55.92527481079101,-15.516483068466187,16.806593418121338,43.24505515098576,70.03076644897462
sim,Simulation,elbow_flex.pos,2,46,-57.1906817474365,-15.332747173309322,17.336263942718503,45.49230649948117,69.94743029785158
sim,Simulation,elbow_flex.pos,2,47,-57.76404415130615,-18.003076763153064,17.85011023521423,46.65362552642822,69.86373825073242
sim,Simulation,elbow_flex.pos,2,48,-57.81872657775879,-18.45010946273804,17.283516483306883,47.09890079498291,70.28676568603517
sim,Simulation,elbow_flex.pos,2,49,-57.80219955444336,-18.590769538879396,16.95296634674072,47.09890079498291,69.03103497314454
sim,Simulation,elbow_flex.pos,2,50,-57.810990524291995,-16.90109920501709,18.10988998413086,46.92307662963867,70.20658721923829
sim,Simulation,elbow_flex.pos,2,51,-57.810990524291995,-18.654065856933606,18.787692680358887,40.578021697998054,70.5097168273926
sim,Simulation,elbow_flex.pos,2,52,-57.82365034484863,-22.307692527770996,16.32000005722046,39.98065902709961,68.97582626342775
sim,Simulation,elbow_flex.pos,2,53,-57.496526836395255,-19.412307448386947,16.258461685180656,42.87472395896911,68.86611157226562
sim,Simulation,elbow_flex.pos,2,54,-57.83736000061035,-15.1920881986618,19.537582893371578,41.27736349105835,64.16457162475588
sim,Simulation,elbow_flex.pos,2,55,-57.82856826782226,-15.07252705097196,21.25714263916017,41.94175729751587,64.67868072509766
sim,Simulation,elbow_flex.pos,2,56,-59.66382843017578,-18.122197666168194,23.521758003234865,46.61274784088138,64.91393209838867
sim,Simulation,elbow_flex.pos,2,57,-57.33978102493287,-11.008352065086356,22.81714241981506,47.17340737342835,65.53099108123779
sim,Simulation,elbow_flex.pos,2,58,-56.458551376342754,-8.55208791255951,21.670329093933105,47.35692260742187,63.49046018981936
sim,Simulation,elbow_flex.pos,2,59,-53.2483528137207,-7.438241910934449,21.714284896850586,48.19889963150024,69.99244054412843
sim,Simulation,elbow_flex.pos,2,60,-52.205713348388656,-8.839560747146605,19.112088012695313,48.971429443359376,72.28307662963869
sim,Simulation,elbow_flex.pos,2,61,-50.56659379196167,-9.462198009490995,19.966153774261464,50.010988187789934,72.2988983154297
sim,Simulation,elbow_flex.pos,2,62,-42.42004440307616,-13.479999742507976,19.948132057189895,49.19912242889408,71.79674395751952
sim,Simulation,elbow_flex.pos,2,63,-38.907336330413784,-15.565273985862742,21.142417039871212,49.99604496002197,72.12835165405275
sim,Simulation,elbow_flex.pos,2,64,-42.91622004699707,-8.864175949096694,19.892746887207032,51.13670375823976,67.7267676086426
sim,Simulation,elbow_flex.pos,2,65,-42.46153877258299,-11.125274753570572,16.659340953826895,49.03406686782837,70.32966812133789
sim,Simulation,elbow_flex.pos,2,66,-43.6008775177002,-10.269011001586914,15.976263370513916,47.19208686828608,72.81547125244145
sim,Simulation,elbow_flex.pos,2,67,-43.87199983215332,-9.799340832233412,17.604395627975467,49.693845958709716,76.79367089843751
sim,Simulation,elbow_flex.pos,2,68,-41.961143661499015,-9.608791017532349,20.668132438659672,50.0536275100708,74.50619943237304
sim,Simulation,elbow_flex.pos,2,69,-37.64158093643188,-10.043955383300787,18.981977996826206,50.354944458007814,75.22145031738282
sim,Simulation,elbow_flex.pos,2,70,-43.389889221191524,-11.151648521423347,20.870329666137724,51.476922225952144,76.31648139953613
sim,Simulation,elbow_flex.pos,2,71,-38.057143402099605,-13.42461577653881,21.406591415405273,57.1912073516846,78.88281548309327
sim,Simulation,elbow_flex.pos,2,72,-39.405362518310554,-12.219779968261719,24.00351619720459,60.75516258239746,79.3350348815918
sim,Simulation,elbow_flex.pos,2,73,-40.903912471771235,-11.385494699478143,24.594725818634032,61.238242607116696,79.13916461181641
sim,Simulation,elbow_flex.pos,2,74,-40.501977828979506,-10.403956007957458,27.718680877685532,63.17977901458745,80.60184741210942
sim,Simulation,elbow_flex.pos,2,75,-39.05934133529668,-4.521977886557579,36.747252464294434,66.40659427642822,82.40659503936772
sim,Simulation,elbow_flex.pos,2,76,-36.32843928527832,-0.6338462066650168,41.939341888427734,68.63560317993165,83.58575952148439
sim,Simulation,elbow_flex.pos,2,77,-34.032088584899896,5.546813287138942,43.51472602844238,69.39164855957037,86.22382187652589
sim,Simulation,elbow_flex.pos,2,78,-31.93775757598874,9.39428610801691,52.77802211761469,72.57142639160156,89.41485284423827
sim,Simulation,elbow_flex.pos,2,79,-26.962285404205332,10.450109581947384,60.9112114906311,77.66417701721191,90.4650577697754
sim,Simulation,elbow_flex.pos,2,80,-22.426373519897503,21.098900985717837,64.73846206665038,80.90549545288086,90.7674726867676
sim,Simulation,elbow_flex.pos,2,81,-17.286329658508294,27.9263729286194,68.35999973297118,85.48263561248778,94.98707573699951
sim,Simulation,elbow_flex.pos,2,82,-7.5544614448547325,32.99999925613404,72.29890029907227,88.49450603485107,96.0501099395752
sim,Simulation,elbow_flex.pos,2,83,5.350681316852532,45.41626399993895,76.58637596130373,91.71076736450196,96.61538696289062
sim,Simulation,elbow_flex.pos,2,84,15.163076400756841,57.18945083618161,78.96615463256839,94.72967315673826,96.61749688720703
sim,Simulation,elbow_flex.pos,2,85,29.065494203567624,63.995605278015134,83.16922988891599,96.54945182800293,96.79120635986328
sim,Simulation,elbow_flex.pos,2,86,42.658988258361724,65.64791103363038,88.75692329406738,96.61538696289062,96.82992553710938
sim,Simulation,elbow_flex.pos,2,87,52.792880447387674,74.66791112899783,91.7982389831543,96.6342883682251,96.82992553710938
sim,Simulation,elbow_flex.pos,2,88,63.53406854248051,84.69011215209962,95.15604476928712,96.70330047607422,96.82992553710938
sim,Simulation,elbow_flex.pos,2,89,73.89283437347416,89.10857101440432,96.39560317993164,96.70330047607422,96.82992553710938
sim,Simulation,elbow_flex.pos,2,90,81.95165000915527,93.54065761566162,96.61538696289062,96.70330047607422,96.82992553710938
sim,Simulation,elbow_flex.pos,2,91,87.15147119140626,96.12109840393069,96.61538696289062,96.70330047607422,96.82992553710938
sim,Simulation,elbow_flex.pos,2,92,90.52342742919922,96.42197723388672,96.61538696289062,96.70330047607422,96.82992553710938
sim,Simulation,elbow_flex.pos,2,93,93.93775914001463,96.52747344970703,96.61538696289062,96.70330047607422,96.82992553710938
sim,Simulation,elbow_flex.pos,2,94,94.84834899902344,96.60923301696778,96.61538696289062,96.70330047607422,96.82992553710938
sim,Simulation,elbow_flex.pos,2,95,96.24790908813476,96.61538696289062,96.61538696289062,96.70330047607422,96.82992553710938
sim,Simulation,elbow_flex.pos,2,96,96.34285507202148,96.61538696289062,96.61538696289062,96.70330047607422,96.82992553710938
sim,Simulation,elbow_flex.pos,2,97,96.43076858520507,96.61538696289062,96.61538696289062,96.70330047607422,96.82992553710938
sim,Simulation,elbow_flex.pos,2,98,96.43076858520507,96.61538696289062,96.61538696289062,96.70330047607422,96.82992553710938
sim,Simulation,elbow_flex.pos,2,99,96.43076858520507,96.61538696289062,96.61538696289062,96.70330047607422,96.82992553710938
sim,Simulation,elbow_flex.pos,2,100,96.43076858520507,96.61538696289062,96.61538696289062,96.70330047607422,96.82992553710938
sim,Simulation,wrist_flex.pos,3,0,52.27252769470215,65.14285469055176,74.15384674072266,76.21977996826172,77.28351821899415
sim,Simulation,wrist_flex.pos,3,1,52.27252769470215,65.14285469055176,74.15384674072266,76.21977996826172,77.28351821899415
sim,Simulation,wrist_flex.pos,3,2,52.27252769470215,65.14285469055176,74.15384674072266,76.21977996826172,77.28351821899415
sim,Simulation,wrist_flex.pos,3,3,52.27252769470215,65.14285469055176,74.15384674072266,76.15384483337402,77.28351821899415
sim,Simulation,wrist_flex.pos,3,4,52.27252769470215,64.43955993652344,73.01977920532227,76.13714225769043,77.24940777587891
sim,Simulation,wrist_flex.pos,3,5,50.285714340209964,63.21318683624268,71.47253036499023,75.93406677246094,77.03736038208008
sim,Simulation,wrist_flex.pos,3,6,47.64237240600586,61.69098691940307,68.86505554199218,75.5384635925293,76.99516326904296
sim,Simulation,wrist_flex.pos,3,7,45.79428716278076,55.8804390335083,65.73714431762696,74.65955778121949,76.74725341796875
sim,Simulation,wrist_flex.pos,3,8,43.44158357238769,51.37318733215332,64.32703063964843,73.95692153930665,76.27956011962891
sim,Simulation,wrist_flex.pos,3,9,40.2007036819458,48.72527599334717,60.60483478546143,72.318678855896,75.60966827392578
sim,Simulation,wrist_flex.pos,3,10,36.75868190765382,45.085713386535645,56.00879020690918,66.55165119171143,74.28483604431153
sim,Simulation,wrist_flex.pos,3,11,36.45714073181152,43.40659236907959,54.386812362670895,63.637803649902345,74.87419853210449
sim,Simulation,wrist_flex.pos,3,12,32.0928341217041,42.86329639434814,53.59648246765137,62.91340682983399,72.97406622314453
sim,Simulation,wrist_flex.pos,3,13,30.132482540130596,40.77802324295044,52.80659408569336,59.58637291908264,65.5887498474121
sim,Simulation,wrist_flex.pos,3,14,27.96483497619629,39.469010009765626,51.63956150054932,58.225496253967286,66.4235609741211
sim,Simulation,wrist_flex.pos,3,15,26.62857151031494,39.054945945739746,50.5494499206543,57.978023242950435,65.5824203491211
sim,Simulation,wrist_flex.pos,3,16,24.87033042907715,39.10857135772705,50.37538513183593,56.788572196960445,65.66154098510742
sim,Simulation,wrist_flex.pos,3,17,24.816352512359618,39.054945945739746,48.23868055343628,56.48571462631226,65.73186492919922
sim,Simulation,wrist_flex.pos,3,18,22.057142066955567,38.12131830215455,47.428571701049805,55.912086486816406,66.291513961792
sim,Simulation,wrist_flex.pos,3,19,19.23340592384337,33.68505617141724,46.21098728179932,55.649670372009275,65.858459564209
sim,Simulation,wrist_flex.pos,3,20,16.06681287765503,26.0307692527771,46.610988235473634,55.73626232147217,65.70021697998047
sim,Simulation,wrist_flex.pos,3,21,10.629362913131711,23.020219745635988,45.85318634033203,54.373626470565796,64.94857082366946
sim,Simulation,wrist_flex.pos,3,22,8.015472325325023,21.13010995864868,39.01186706542968,51.328350734710696,66.06962399291993
sim,Simulation,wrist_flex.pos,3,23,5.657670424222947,18.241758346557617,30.735825309753416,48.358900594711294,62.48773733520511
sim,Simulation,wrist_flex.pos,3,24,2.0054504675865177,15.490109920501716,28.01582386016846,47.26153823852539,56.35692390441895
sim,Simulation,wrist_flex.pos,3,25,0.1626373797655065,13.868131339550018,26.461538314819336,45.51648187637329,56.5186809539795
sim,Simulation,wrist_flex.pos,3,26,-1.0989011526107786,13.974065341949455,24.282197837829596,42.90944967269896,56.30065948486328
sim,Simulation,wrist_flex.pos,3,27,-1.0727033519744873,12.303077118396759,24.04395580291748,39.219781160354614,55.18593490600586
sim,Simulation,wrist_flex.pos,3,28,-1.1780219197273254,10.535384464263917,22.021977424621582,38.39560508728027,55.47252655029297
sim,Simulation,wrist_flex.pos,3,29,-1.1780219197273254,10.285714626312256,21.758241653442383,37.65406640052795,55.12052441406251
sim,Simulation,wrist_flex.pos,3,30,-1.538461575508117,9.89011025428772,21.802197456359863,35.60439682006836,54.489670410156265
sim,Simulation,wrist_flex.pos,3,31,-1.494505524635315,9.89011025428772,21.802197456359863,34.7125288105011,51.99120788574221
sim,Simulation,wrist_flex.pos,3,32,-1.0989011526107786,9.89011025428772,21.802197456359863,34.23384552001953,49.919648101806665
sim,Simulation,wrist_flex.pos,3,33,-0.3868132025003429,10.021978378295898,21.230769157409668,34.175825119018555,48.348483489990265
sim,Simulation,wrist_flex.pos,3,34,-0.37415386259555794,10.021978378295898,21.9780216217041,34.04395771026611,48.25916418457032
sim,Simulation,wrist_flex.pos,3,35,-1.3028570771217347,9.89011025428772,21.303296756744388,33.97912240028381,47.120880126953125
sim,Simulation,wrist_flex.pos,3,36,-1.4797363066673273,9.89186848640442,20.87912082672119,33.436483535766605,45.69670181274415
sim,Simulation,wrist_flex.pos,3,37,-1.611252782344816,10.16967059135437,20.83516502380371,33.14285850524902,47.174329998016375
sim,Simulation,wrist_flex.pos,3,38,-1.6791209101676934,10.219780206680298,20.826373424530026,33.45362609863281,47.47041717529301
sim,Simulation,wrist_flex.pos,3,39,-1.6527472853660579,9.95604419708252,21.538461685180664,33.62813130378724,47.170812774658216
sim,Simulation,wrist_flex.pos,3,40,-1.6527472853660579,10.285714626312256,21.230769157409668,33.626373291015625,46.959121246337894
sim,Simulation,wrist_flex.pos,3,41,-1.6527472853660579,10.024615726470946,20.83516502380371,34.14153934478758,44.97784598541262
sim,Simulation,wrist_flex.pos,3,42,-1.7236044239997859,10.06593370437622,21.05494499206543,35.27472496032715,46.12975559997561
sim,Simulation,wrist_flex.pos,3,43,-1.6175824522972102,10.056703293323517,20.87912082672119,35.62637233734131,45.134066390991244
sim,Simulation,wrist_flex.pos,3,44,-1.538461577892303,10.271648378372191,20.916043701171873,33.9560432434082,45.84931617736822
sim,Simulation,wrist_flex.pos,3,45,-1.522637403011322,10.224176025390625,20.923076629638672,33.978020668029785,47.04879077911376
sim,Simulation,wrist_flex.pos,3,46,-1.4505494952201838,10.263736248016357,20.923076629638672,35.09230699539185,48.62417449951172
sim,Simulation,wrist_flex.pos,3,47,-1.2571429014205933,10.402637538909913,22.159999713897733,35.912089347839355,48.6526580657959
sim,Simulation,wrist_flex.pos,3,48,-1.2571429014205933,10.571428537368774,22.505494117736816,35.570110511779866,48.61538314819336
sim,Simulation,wrist_flex.pos,3,49,-1.2571429014205933,10.700000293254853,23.23340629577637,39.16483497619629,46.95384521484377
sim,Simulation,wrist_flex.pos,3,50,-0.43076923191547367,10.637362957000732,23.78022003173828,39.747249126434326,48.61977882385254
sim,Simulation,wrist_flex.pos,3,51,-0.27252746969461406,10.791208744049072,24.370110721588134,41.20879077911377,55.442634658813496
sim,Simulation,wrist_flex.pos,3,52,-0.3516483575105664,12.654066104888917,25.27824169158935,41.20879077911377,61.97099105834962
sim,Simulation,wrist_flex.pos,3,53,-0.4329670339822782,12.669011135101318,25.990769214630127,41.20879077911377,64.89591306304935
sim,Simulation,wrist_flex.pos,3,54,-0.37362637817859623,13.186813354492188,27.29670238494873,41.34065818786621,65.054948425293
sim,Simulation,wrist_flex.pos,3,55,-0.26725276112556456,14.056043648719788,27.762637042999266,40.70659246444703,64.14329936981201
sim,Simulation,wrist_flex.pos,3,56,0.12307692617177982,14.359559745788575,27.300220298767087,40.87912082672119,60.494766891479514
sim,Simulation,wrist_flex.pos,3,57,0.898461559921531,15.617582416534423,27.604395866394043,40.81318664550781,58.19120907211305
sim,Simulation,wrist_flex.pos,3,58,5.512088036537172,18.263736248016357,28.21977996826172,41.120880126953125,57.54725265502933
sim,Simulation,wrist_flex.pos,3,59,6.2065935134887695,19.54813138961793,28.854505577087405,40.783736572265624,57.32518624877931
sim,Simulation,wrist_flex.pos,3,60,6.396483612060534,20.197802543640137,29.186814308166504,41.02857055664063,57.97626106262209
sim,Simulation,wrist_flex.pos,3,61,5.512088036537172,20.01582345962524,28.988131771087627,40.79912072181703,58.45494537353515
sim,Simulation,wrist_flex.pos,3,62,5.952000098228451,19.05494451522827,27.93670364379883,40.49450662612916,64.21626364135744
sim,Simulation,wrist_flex.pos,3,63,6.065934157371522,15.868131399154663,27.164835929870605,41.0347248840332,68.07806474304202
sim,Simulation,wrist_flex.pos,3,64,6.065934157371522,15.868131399154663,27.0452746200562,41.814506721496585,67.99261581420899
sim,Simulation,wrist_flex.pos,3,65,7.059340715408325,14.980219721794125,25.703296899795532,41.772529268264776,68.36791130065922
sim,Simulation,wrist_flex.pos,3,66,7.103296756744385,15.759999866485597,26.197802543640137,42.05890083312988,68.1010990753174
sim,Simulation,wrist_flex.pos,3,67,7.103296756744385,14.262856531143187,27.91208839416504,41.91912052154541,62.03419739150996
sim,Simulation,wrist_flex.pos,3,68,6.4087913036346436,14.15384578704834,27.5780221176148,42.000000953674316,62.56527621459972
sim,Simulation,wrist_flex.pos,3,69,7.015384674072266,13.670329570770264,27.95604419708252,41.516483306884766,65.26795745849611
sim,Simulation,wrist_flex.pos,3,70,7.015384674072266,13.538460731506348,27.07252702713013,41.929670524597164,70.91076805114749
sim,Simulation,wrist_flex.pos,3,71,6.848351669311524,13.538460731506348,26.41230846405029,41.29384424209594,68.0267281494141
sim,Simulation,wrist_flex.pos,3,72,6.848351669311524,13.450548887252808,25.905934257507298,42.36483432769778,74.82092156982424
sim,Simulation,wrist_flex.pos,3,73,6.752175469398499,13.473406028747558,26.19780158996582,43.040220174789425,76.24474600219727
sim,Simulation,wrist_flex.pos,3,74,6.760439205169678,13.604395151138306,28.307692527770996,44.47384538650513,76.49230728149416
sim,Simulation,wrist_flex.pos,3,75,6.720878982543946,14.28571367263794,28.351648330688477,47.780219078063965,75.34944992065431
sim,Simulation,wrist_flex.pos,3,76,7.085714292526245,14.417581558227539,29.093627204895018,53.33274604797366,75.9760864562988
sim,Simulation,wrist_flex.pos,3,77,7.112087965011597,14.672965874671936,29.054945945739746,53.8180207824707,76.30848316192628
sim,Simulation,wrist_flex.pos,3,78,7.163252565383913,16.93626331329346,29.833846588134765,53.84615230560303,77.25696275329591
sim,Simulation,wrist_flex.pos,3,79,8.053802146911627,18.12835159301755,30.0219783782959,53.472527503967285,76.4495824737549
sim,Simulation,wrist_flex.pos,3,80,8.71208782196045,19.16483497619629,31.29670238494873,52.91868171691897,75.0646128845215
sim,Simulation,wrist_flex.pos,3,81,8.79411022424698,20.368351974487304,32.61538505554199,55.12967014312744,75.12395429992675
sim,Simulation,wrist_flex.pos,3,82,8.641758584976197,20.483516693115234,32.659339904785156,57.015824260711696,74.19780183410656
sim,Simulation,wrist_flex.pos,3,83,9.186813163757325,20.483516693115234,35.76527353286744,55.480439376831015,72.93344987487794
sim,Simulation,wrist_flex.pos,3,84,9.996659358978272,21.681757469177242,40.112525939941406,57.36879161834718,70.68800119018553
sim,Simulation,wrist_flex.pos,3,85,10.02593396663666,25.813186597824092,44.78021974563597,57.79120693206787,73.0364839553833
sim,Simulation,wrist_flex.pos,3,86,12.759209159851181,30.571428298950195,49.75999999999996,60.857144355773926,69.85107723999025
sim,Simulation,wrist_flex.pos,3,87,15.203604224205032,34.11956044197085,52.58901138305664,61.35714418411255,68.27454946899414
sim,Simulation,wrist_flex.pos,3,88,23.525274276733402,40.72615512847901,53.75472496032716,64.50461547851563,69.5859333190918
sim,Simulation,wrist_flex.pos,3,89,24.298725742339975,43.321757459640494,57.37054847717283,65.37121137619017,73.31833055114748
sim,Simulation,wrist_flex.pos,3,90,29.098901748657227,47.02417678833007,59.705490493774406,66.41099052429199,73.7934051513672
sim,Simulation,wrist_flex.pos,3,91,34.45353784370422,49.29670333862305,60.74769050598145,69.21318658828734,75.58681640625001
sim,Simulation,wrist_flex.pos,3,92,43.39340591430664,51.4505500793457,63.01714225769041,70.3208730316162,76.21977996826172
sim,Simulation,wrist_flex.pos,3,93,47.156042861938474,54.93076763153079,65.06813199996955,72.71098628997802,76.2461524963379
sim,Simulation,wrist_flex.pos,3,94,48.8042193908691,57.40659236907959,66.79560272216796,74.22945072174075,76.51867141723633
sim,Simulation,wrist_flex.pos,3,95,48.95296752929688,60.34395475387573,67.9120864868164,75.45055084228515,77.18681335449219
sim,Simulation,wrist_flex.pos,3,96,49.36263732910156,62.297144050598135,70.4281311035156,75.61582176208496,76.93187103271484
sim,Simulation,wrist_flex.pos,3,97,50.17810881805419,64.0659351348877,72.75736175537106,75.71428489685059,77.13459272766113
sim,Simulation,wrist_flex.pos,3,98,50.280967010498046,64.0659351348877,73.0848355102539,75.80219841003418,77.19560470581055
sim,Simulation,wrist_flex.pos,3,99,50.285714340209964,64.0659351348877,73.23077011108398,75.80219841003418,77.19490139770508
sim,Simulation,wrist_flex.pos,3,100,50.373626708984375,64.0659351348877,73.23077011108398,75.80219841003418,77.18681335449219
sim,Simulation,wrist_roll.pos,4,0,-97.00219802856445,-94.10988998413086,-90.98900985717773,-87.47252655029297,-84.71208877563477
sim,Simulation,wrist_roll.pos,4,1,-97.00219802856445,-94.17582511901855,-90.98900985717773,-87.47252655029297,-84.71208877563477
sim,Simulation,wrist_roll.pos,4,2,-97.00219802856445,-94.15516544342042,-90.98900985717773,-87.47252655029297,-84.71208877563477
sim,Simulation,wrist_roll.pos,4,3,-97.00219802856445,-94.21977996826172,-90.98900985717773,-87.47252655029297,-84.94944839477539
sim,Simulation,wrist_roll.pos,4,4,-97.00219802856445,-94.21977996826172,-90.98900985717773,-87.47252655029297,-84.94944839477539
sim,Simulation,wrist_roll.pos,4,5,-97.00219802856445,-94.15384483337402,-91.1076904296875,-87.73626136779785,-84.98637138366699
sim,Simulation,wrist_roll.pos,4,6,-97.00219802856445,-94.43911846160889,-91.18417404174804,-87.82417297363281,-85.22127621459961
sim,Simulation,wrist_roll.pos,4,7,-97.5620246887207,-94.79560623168945,-91.38461303710938,-87.89010810852051,-85.25433093261718
sim,Simulation,wrist_roll.pos,4,8,-97.65872164916993,-95.0813190460205,-91.6043930053711,-87.89890045166015,-85.27472686767578
sim,Simulation,wrist_roll.pos,4,9,-97.90400035095215,-95.16483497619629,-91.91209030151367,-87.89999837875366,-85.27472686767578
sim,Simulation,wrist_roll.pos,4,10,-97.99033142089844,-94.84835224151612,-91.91209030151367,-87.82417297363281,-85.20439682006835
sim,Simulation,wrist_roll.pos,4,11,-97.78461380004883,-95.40659141540527,-91.91209030151367,-87.89010810852051,-84.72729705047607
sim,Simulation,wrist_roll.pos,4,12,-98.12747573852539,-95.40659141540527,-91.93318954467773,-87.82417297363281,-84.67199945068359
sim,Simulation,wrist_roll.pos,4,13,-98.2229429473877,-95.38461303710938,-91.51076892852782,-87.89010810852051,-83.77142868041992
sim,Simulation,wrist_roll.pos,4,14,-98.58215309143067,-95.72044075012207,-91.78022003173828,-88.17582702636719,-84.167032623291
sim,Simulation,wrist_roll.pos,4,15,-98.50725433349609,-96.00879135131837,-91.56044006347656,-88.11099081039428,-83.16571296691893
sim,Simulation,wrist_roll.pos,4,16,-99.1250959777832,-96.41054847717285,-91.61845916748047,-88.0879135131836,-81.5978872375488
sim,Simulation,wrist_roll.pos,4,17,-98.99779739379883,-95.30527612686157,-91.51648712158203,-87.36791030883789,-80.33406524658203
sim,Simulation,wrist_roll.pos,4,18,-100.74514382934571,-96.07033081054686,-91.05230667114259,-86.53186904907227,-82.89230880737304
sim,Simulation,wrist_roll.pos,4,19,-104.2113420715332,-96.0219783782959,-90.63735961914062,-86.9986819076538,-82.7941978149414
sim,Simulation,wrist_roll.pos,4,20,-104.28132019042968,-96.30768966674805,-90.98900985717773,-87.25273895263672,-82.30154067993162
sim,Simulation,wrist_roll.pos,4,21,-106.06910111999511,-96.53450462341308,-91.42857360839844,-86.64176094055176,-82.61503123474122
sim,Simulation,wrist_roll.pos,4,22,-106.38312118530273,-96.98900985717773,-91.26681274414062,-85.86988800048827,-82.34478573608398
sim,Simulation,wrist_roll.pos,4,23,-106.40879135131836,-97.24285526275634,-91.29670333862305,-86.15252529144288,-82.13625869750973
sim,Simulation,wrist_roll.pos,4,24,-106.40879135131836,-97.87692573547363,-91.91384475708008,-86.57143020629883,-82.13625869750973
sim,Simulation,wrist_roll.pos,4,25,-106.25714149475098,-98.24176025390625,-91.86812973022461,-87.03296852111816,-82.37362518310543
sim,Simulation,wrist_roll.pos,4,26,-107.1781958618164,-98.66417678833008,-91.91209030151367,-86.61538696289062,-79.25274353027343
sim,Simulation,wrist_roll.pos,4,27,-107.3325697631836,-99.74131830215454,-92.13187026977539,-86.57142837524414,-77.58329885101318
sim,Simulation,wrist_roll.pos,4,28,-108.96387155151368,-99.80659400939942,-92.52747344970703,-86.63736534118652,-77.17802200317382
sim,Simulation,wrist_roll.pos,4,29,-109.43015600585937,-100.42505542755127,-92.04571228027345,-86.44219734191894,-77.16360452270507
sim,Simulation,wrist_roll.pos,4,30,-110.24175750732421,-100.65934181213379,-92.25054969787598,-86.63736343383789,-77.01450592041014
sim,Simulation,wrist_roll.pos,4,31,-110.47033157348633,-100.99318765640258,-92.70329666137695,-86.02769275665284,-77.04615402221678
sim,Simulation,wrist_roll.pos,4,32,-110.47033157348633,-101.1683448791504,-93.01274841308594,-86.41758155822754,-76.42689123535156
sim,Simulation,wrist_roll.pos,4,33,-110.54945373535156,-101.23076629638672,-93.31867980957031,-84.76923179626465,-76.02048063659667
sim,Simulation,wrist_roll.pos,4,34,-110.54417916870116,-101.23076629638672,-93.27472686767578,-84.21186965942383,-74.16755876159668
sim,Simulation,wrist_roll.pos,4,35,-109.9661547088623,-101.23076629638672,-93.23076629638672,-83.78022003173828,-73.56483764648438
sim,Simulation,wrist_roll.pos,4,36,-109.98681411743163,-101.23076629638672,-92.70329666137695,-83.78022003173828,-73.44844094848632
sim,Simulation,wrist_roll.pos,4,37,-109.92105599975586,-101.94373359680175,-92.65933990478516,-83.83868125915527,-74.68764843749999
sim,Simulation,wrist_roll.pos,4,38,-109.83630642700196,-101.91208457946777,-92.65933990478516,-83.75824165344238,-74.28571472167968
sim,Simulation,wrist_roll.pos,4,39,-110.22417373657227,-101.73010948181152,-92.01494148254395,-83.69230651855469,-73.4945068359375
sim,Simulation,wrist_roll.pos,4,40,-109.73186874389648,-101.80220031738281,-91.9120864868164,-83.38461303710938,-73.47340759277344
sim,Simulation,wrist_roll.pos,4,41,-107.68316375732424,-102.52307861328126,-91.9120864868164,-83.38461303710938,-73.41239714050292
sim,Simulation,wrist_roll.pos,4,42,-107.33186492919921,-101.95604133605957,-91.85582565307618,-83.38461303710938,-71.61142944335936
sim,Simulation,wrist_roll.pos,4,43,-107.24624002075196,-101.82417678833008,-91.56044006347656,-83.00417303085327,-73.23077011108396
sim,Simulation,wrist_roll.pos,4,44,-106.99393606567384,-101.89011192321777,-91.51648712158203,-83.48395530700684,-70.85925271606443
sim,Simulation,wrist_roll.pos,4,45,-106.5687939453125,-101.75274896621704,-91.78022003173828,-82.63736152648926,-69.43296432495117
sim,Simulation,wrist_roll.pos,4,46,-106.39964862060548,-101.73626518249512,-91.68000137329102,-82.68131828308105,-69.25028767395018
sim,Simulation,wrist_roll.pos,4,47,-106.4,-101.80220031738281,-91.58197864532471,-82.26703262329102,-68.38927264404295
sim,Simulation,wrist_roll.pos,4,48,-106.4,-101.55955902099609,-91.29670333862305,-82.24175834655762,-68.31648178100583
sim,Simulation,wrist_roll.pos,4,49,-106.37362670898438,-101.0549430847168,-91.29670333862305,-82.24175834655762,-68.31648178100583
sim,Simulation,wrist_roll.pos,4,50,-106.2153823852539,-101.010986328125,-91.29670333862305,-82.25274753570557,-68.31648178100583
sim,Simulation,wrist_roll.pos,4,51,-106.20659103393555,-101.0549430847168,-91.34066009521484,-81.14285659790039,-68.2813163757324
sim,Simulation,wrist_roll.pos,4,52,-105.81450494384767,-100.28571128845215,-90.76922988891602,-81.29055084228516,-69.32571691894532
sim,Simulation,wrist_roll.pos,4,53,-105.89010925292969,-99.9340591430664,-89.4505500793457,-81.83823982238769,-72.4571449279785
sim,Simulation,wrist_roll.pos,4,54,-105.84615325927734,-100.00571548461915,-90.52835067749024,-82.85670417785644,-73.9354739074707
sim,Simulation,wrist_roll.pos,4,55,-105.84615325927734,-99.4725284576416,-90.78681259155273,-83.40659141540527,-75.67999725341794
sim,Simulation,wrist_roll.pos,4,56,-104.7764422302246,-99.01099014282227,-90.58988967895505,-83.53845977783203,-76.23138641357424
sim,Simulation,wrist_roll.pos,4,57,-104.8080910949707,-97.97801971435547,-89.93406677246094,-83.67032814025879,-76.43075942993164
sim,Simulation,wrist_roll.pos,4,58,-102.84518792724609,-97.53845596313477,-90.08703048706055,-83.73626327514648,-76.43075942993164
sim,Simulation,wrist_roll.pos,4,59,-102.16263809204102,-97.03296661376953,-90.5934066772461,-84.02197456359863,-76.43075942993164
sim,Simulation,wrist_roll.pos,4,60,-102.24176025390625,-96.70329856872559,-91.14725036621094,-84.23736267089843,-77.21142913818359
sim,Simulation,wrist_roll.pos,4,61,-101.76703414916992,-96.61538696289062,-91.12087631225586,-84.08790969848633,-78.25213398742669
sim,Simulation,wrist_roll.pos,4,62,-100.84395828247071,-96.19780349731445,-91.12087631225586,-84.4808773803711,-78.6549476623535
sim,Simulation,wrist_roll.pos,4,63,-100.70153839111327,-96.17582702636719,-91.02637310028076,-84.57142639160156,-78.56562753295898
sim,Simulation,wrist_roll.pos,4,64,-99.41978073120117,-96.17582702636719,-91.12087631225586,-84.56790985107422,-78.29872286987303
sim,Simulation,wrist_roll.pos,4,65,-98.99779739379883,-96.09670486450196,-90.76922988891602,-84.92307472229004,-78.64439743041991
sim,Simulation,wrist_roll.pos,4,66,-99.12966613769531,-95.94417491912841,-91.12615478515625,-85.17318675994873,-79.42856369018554
sim,Simulation,wrist_roll.pos,4,67,-99.61475993347167,-96.19516632080078,-91.40263912200928,-85.47252655029297,-79.36702499389648
sim,Simulation,wrist_roll.pos,4,68,-99.64834213256836,-96.37362480163574,-91.60088043212892,-85.31692169189454,-79.19999694824217
sim,Simulation,wrist_roll.pos,4,69,-99.72747116088867,-96.24176025390625,-91.22725166320801,-85.29670524597168,-79.19999694824217
sim,Simulation,wrist_roll.pos,4,70,-99.13318420410155,-96.05714378356933,-91.39340896606444,-85.56044006347656,-79.19999694824217
sim,Simulation,wrist_roll.pos,4,71,-99.25793319702149,-96.05098983764648,-90.94154037475586,-85.36264038085938,-79.16360391235351
sim,Simulation,wrist_roll.pos,4,72,-99.30549392700195,-95.58241653442383,-90.4615364074707,-85.51648139953613,-79.30057040405272
sim,Simulation,wrist_roll.pos,4,73,-99.09450225830078,-95.91604259490967,-90.50548934936523,-85.32901065826415,-81.07234919738768
sim,Simulation,wrist_roll.pos,4,74,-99.27032928466797,-95.5345055770874,-90.2734030151367,-85.56044006347656,-80.79999923706055
sim,Simulation,wrist_roll.pos,4,75,-99.08131523132325,-95.6593427658081,-90.48351287841797,-85.65933799743654,-81.44395713806152
sim,Simulation,wrist_roll.pos,4,76,-98.83076858520508,-95.45054817199707,-90.46154022216797,-85.69230842590332,-81.47129766845703
sim,Simulation,wrist_roll.pos,4,77,-98.98900604248047,-94.61538314819336,-90.44351795196533,-85.84615135192871,-81.82857055664063
sim,Simulation,wrist_roll.pos,4,78,-98.33846054077148,-95.08483558654785,-90.5028596496582,-85.56044006347656,-81.82857055664063
sim,Simulation,wrist_roll.pos,4,79,-98.31868019104004,-94.52835266113287,-90.72527313232422,-85.84615135192871,-81.83736190795898
sim,Simulation,wrist_roll.pos,4,80,-98.3032958984375,-93.99120750427247,-90.85714340209961,-86.10988998413086,-81.74944839477538
sim,Simulation,wrist_roll.pos,4,81,-98.20659103393555,-94.6435154724121,-90.89934188842773,-86.15384674072266,-81.74944839477538
sim,Simulation,wrist_roll.pos,4,82,-98.11868438720703,-94.37362861633301,-91.45143112182618,-86.43955993652344,-81.82857055664063
sim,Simulation,wrist_roll.pos,4,83,-97.41098899841309,-94.32967376708984,-91.04747234344482,-86.28571701049805,-82.7189448852539
sim,Simulation,wrist_roll.pos,4,84,-97.61020025634765,-94.37450775146485,-91.03296661376953,-86.5054931640625,-82.88738565063477
sim,Simulation,wrist_roll.pos,4,85,-97.77582244873047,-94.75274848937988,-91.03296661376953,-86.4835147857666,-82.86241897583008
sim,Simulation,wrist_roll.pos,4,86,-97.95622080993653,-94.87912368774414,-91.24131782531738,-86.5714282989502,-83.31885772705078
sim,Simulation,wrist_roll.pos,4,87,-97.60000228881836,-94.63736343383789,-91.15076812744138,-86.73274959564209,-83.70540639495849
sim,Simulation,wrist_roll.pos,4,88,-97.3450538635254,-94.34549682617188,-91.33186874389648,-86.81406753540038,-84.03199697875976
sim,Simulation,wrist_roll.pos,4,89,-97.23955764770508,-94.35165023803711,-91.25802139282226,-87.36263275146484,-84.74945125579833
sim,Simulation,wrist_roll.pos,4,90,-97.32747116088868,-94.39120903015137,-91.50769424438477,-87.45054817199707,-84.97582168579102
sim,Simulation,wrist_roll.pos,4,91,-97.32536094665528,-94.68132019042969,-91.38461761474609,-87.82043855667115,-85.40659027099609
sim,Simulation,wrist_roll.pos,4,92,-97.15165100097656,-94.18285629272461,-91.51648712158203,-87.9120864868164,-85.32747497558593
sim,Simulation,wrist_roll.pos,4,93,-97.06540784454346,-94.51977869033813,-91.5938442993164,-87.89010810852051,-85.35384902954101
sim,Simulation,wrist_roll.pos,4,94,-97.31867980957031,-94.5494499206543,-91.24395645141601,-87.81582191467285,-85.35384902954101
sim,Simulation,wrist_roll.pos,4,95,-97.3230754852295,-94.5494499206543,-90.9011001586914,-87.70769519805908,-85.44175567626954
sim,Simulation,wrist_roll.pos,4,96,-97.4969616394043,-94.52659240722656,-90.81318664550781,-87.47252655029297,-85.35384902954101
sim,Simulation,wrist_roll.pos,4,97,-97.31867980957031,-94.47911956787112,-90.81318664550781,-87.67362407684327,-85.25239697265624
sim,Simulation,wrist_roll.pos,4,98,-96.92307586669922,-94.06593322753906,-90.76922988891602,-87.47252655029297,-85.32747497558593
sim,Simulation,wrist_roll.pos,4,99,-96.92307586669922,-94.06593322753906,-90.76922988891602,-87.47252655029297,-85.32747497558593
sim,Simulation,wrist_roll.pos,4,100,-96.92307586669922,-94.06593322753906,-90.76922988891602,-87.47252655029297,-85.2483528137207
sim,Simulation,gripper.pos,5,0,-9.999832153320312,-9.999832153320312,-3.9141292572021484,-0.8928559720516205,3.59274158477784
sim,Simulation,gripper.pos,5,1,-9.999832153320312,-9.999832153320312,-4.222872495651245,-0.8928559720516205,3.59274158477784
sim,Simulation,gripper.pos,5,2,-9.999832153320312,-9.999832153320312,-4.222872495651245,-0.9810685366392136,3.59274158477784
sim,Simulation,gripper.pos,5,3,-9.999832153320312,-9.999832153320312,-4.26697838306427,-1.0692806541919708,3.59274158477784
sim,Simulation,gripper.pos,5,4,-9.999832153320312,-9.999832153320312,-3.9582351446151733,-1.0692806541919708,3.5309929132461577
sim,Simulation,gripper.pos,5,5,-9.999832153320312,-9.999832153320312,-4.002341389656067,-1.0692806541919708,3.5309929132461577
sim,Simulation,gripper.pos,5,6,-9.999832153320312,-9.999832153320312,-4.4372281646728515,-1.0913336277008057,3.5309929132461577
sim,Simulation,gripper.pos,5,7,-9.999832153320312,-9.999832153320312,-4.443403005599976,-1.0913336277008057,3.8573784112930305
sim,Simulation,gripper.pos,5,8,-9.999832153320312,-9.999832153320312,-4.346369590759277,-1.0833945572376251,3.8750209569931053
sim,Simulation,gripper.pos,5,9,-9.999832153320312,-9.999832153320312,-3.940151927471161,-0.9722473973035818,3.8750209569931053
sim,Simulation,gripper.pos,5,10,-9.999832153320312,-9.999832153320312,-4.0905537605285645,-0.8928559720516205,3.5062930822372462
sim,Simulation,gripper.pos,5,11,-9.999832153320312,-9.999832153320312,-4.0905537605285645,-0.9916539210081106,3.442779231071475
sim,Simulation,gripper.pos,5,12,-9.999832153320312,-9.999832153320312,-3.594800715446472,-0.6723258122801781,3.883840894699107
sim,Simulation,gripper.pos,5,13,-9.999832153320312,-9.999832153320312,-2.6271108579635616,-0.5607371245324609,7.620869555950188
sim,Simulation,gripper.pos,5,14,-9.999832153320312,-9.999832153320312,-2.3033717584609983,0.8493372052907944,8.691061412811283
sim,Simulation,gripper.pos,5,15,-9.999832153320312,-9.999832153320312,-1.97345769405365,1.8659846782684326,9.768927736282349
sim,Simulation,gripper.pos,5,16,-9.999832153320312,-8.192427158355713,-1.497111010551453,3.0105395317077637,11.071736019134514
sim,Simulation,gripper.pos,5,17,-9.999832153320312,-8.082161664962769,-1.444623940587044,4.204934808015825,15.736844369888312
sim,Simulation,gripper.pos,5,18,-9.999832153320312,-7.941021852493289,-1.3744952344894408,6.362607955932617,17.144095527648943
sim,Simulation,gripper.pos,5,19,-9.999832153320312,-6.84718918800354,-1.1795463562011719,7.412777137756347,19.68267059326173
sim,Simulation,gripper.pos,5,20,-9.999832153320312,-6.7589768171310425,-1.0825124382972715,9.42798638343811,20.413068466186527
sim,Simulation,gripper.pos,5,21,-9.999832153320312,-6.229702353477478,-0.15716537833213823,9.780835807323456,21.845020555496223
sim,Simulation,gripper.pos,5,22,-9.999832153320312,-4.212286770343775,1.9519920945167542,14.288487615585318,22.169730770111084
sim,Simulation,gripper.pos,5,23,-9.999832153320312,-2.4215760648250564,2.530664916038515,15.677831554412847,22.302753961563116
sim,Simulation,gripper.pos,5,24,-9.524338722229004,-1.9955110549926758,5.877439022064209,17.00542573928833,22.416194000244143
sim,Simulation,gripper.pos,5,25,-6.428180837631225,-1.466236263513565,7.950430631637573,17.901886820793152,22.58706049919129
sim,Simulation,gripper.pos,5,26,-5.985354597091678,-0.7164315581321716,9.405933380126953,18.301265964508055,23.378766250610354
sim,Simulation,gripper.pos,5,27,-4.427525119781494,1.816144244521865,11.258392810821533,19.164423375129687,23.281733798980717
sim,Simulation,gripper.pos,5,28,-1.8877153244018552,5.229079260826114,12.44925832748413,20.334559574127198,23.63281993865967
sim,Simulation,gripper.pos,5,29,-0.7353095140159114,8.201836091279983,15.197956867217997,21.116121768951416,24.34028263092042
sim,Simulation,gripper.pos,5,30,1.9167069166898736,11.020220041275028,17.08041000366211,21.213156986236573,25.49586181640626
sim,Simulation,gripper.pos,5,31,2.4897342557907103,10.63583509683609,17.64143684387207,21.54946556568145,25.80460739135743
sim,Simulation,gripper.pos,5,32,2.481265902519226,11.236339807510376,17.874319076538086,22.130564212799072,26.66168016052246
sim,Simulation,gripper.pos,5,33,1.854958567023278,11.87587833404541,18.15748018264771,22.064405918121338,25.80460739135743
sim,Simulation,gripper.pos,5,34,2.560656499862671,11.815894260406484,17.940478801727295,22.064405918121338,25.801784576416022
sim,Simulation,gripper.pos,5,35,2.671804537773133,12.405152559280396,17.96253204345703,22.19672393798828,26.91961162567139
sim,Simulation,gripper.pos,5,36,5.418736052513124,13.596020460128784,18.064857177734375,22.19672393798828,25.994089149475094
sim,Simulation,gripper.pos,5,37,6.821312761306763,12.471311569213867,18.08779214859009,22.19672393798828,25.80707630157472
sim,Simulation,gripper.pos,5,38,6.4243574142456055,13.286394615173343,17.96253204345703,22.0423526763916,25.742856216430674
sim,Simulation,gripper.pos,5,39,5.70101523399353,12.493365049362183,17.96253204345703,21.88798189163208,25.49586181640626
sim,Simulation,gripper.pos,5,40,4.783606338500978,12.493365049362183,18.006637573242188,21.821820735931396,25.49586181640626
sim,Simulation,gripper.pos,5,41,-0.8865933451652511,10.034888610839843,17.91842555999756,21.601289749145508,24.241837787628178
sim,Simulation,gripper.pos,5,42,-2.7938318252563477,9.916684775352495,16.19122730255127,20.82237497329712,23.66104755401612
sim,Simulation,gripper.pos,5,43,-2.7938318252563477,9.670570850372314,15.76913180351257,20.30015754699707,22.865636976242065
sim,Simulation,gripper.pos,5,44,-2.785010552406311,7.033021636009217,14.605170154571535,19.66061782836914,23.819829177856448
sim,Simulation,gripper.pos,5,45,-3.525994896888733,4.840945601463318,14.127499985694886,18.97697114944458,23.156471977233895
sim,Simulation,gripper.pos,5,46,-3.58315674495697,2.4155477452278147,12.184622287750244,18.69028329849243,22.781042572021484
sim,Simulation,gripper.pos,5,47,-3.5960358986854555,-0.5649273750930937,9.472975444793747,18.29156259536743,21.410222946166986
sim,Simulation,gripper.pos,5,48,-5.598279073715214,-0.9510764628648782,7.274724435806263,18.337432861328125,21.67979793548584
sim,Simulation,gripper.pos,5,49,-5.748945474624633,-0.7543632368743431,6.202060661315917,15.177226319313064,20.873537063598633
sim,Simulation,gripper.pos,5,50,-7.019203186035156,-1.5323964357376099,6.186182498931885,13.298303008079529,19.64297561645508
sim,Simulation,gripper.pos,5,51,-7.326005929946899,-1.6417792522907306,4.686574459075928,12.824823863506326,19.559173393249512
sim,Simulation,gripper.pos,5,52,-7.267609128952026,-2.039617031812668,4.907104969024658,10.63120337486267,19.682671356201176
sim,Simulation,gripper.pos,5,53,-7.240792913436892,-2.5247843265533447,4.510149717330933,10.221899271011353,19.66644013595583
sim,Simulation,gripper.pos,5,54,-7.6486864814758295,-2.921739935874939,2.922327160835266,10.206021108627318,19.414682167053222
sim,Simulation,gripper.pos,5,55,-7.679031085967982,-3.230483055114746,2.6135839223861694,10.221899271011353,18.87993888854981
sim,Simulation,gripper.pos,5,56,-7.514251224517825,-3.230483055114746,2.30484139919281,9.516200304031372,18.130134201049813
sim,Simulation,gripper.pos,5,57,-7.781886519432068,-3.507029325962066,1.3786113262176514,9.075137615203857,17.891961479187014
sim,Simulation,gripper.pos,5,58,-7.372053098678589,-3.2304832339286804,1.4438885283470162,7.557003865242014,14.39310734176637
sim,Simulation,gripper.pos,5,59,-7.380874300003051,-3.2304832339286804,1.3786113262176514,7.177029898166657,13.551913642883308
sim,Simulation,gripper.pos,5,60,-7.698438262939453,-3.671545374393466,1.2903985977172852,6.61842303276062,15.09563026428223
sim,Simulation,gripper.pos,5,61,-8.56291971206665,-4.178766250610352,1.2903985977172852,7.222679615020752,15.598439884185801
sim,Simulation,gripper.pos,5,62,-7.389695024490356,-3.3186960220336914,1.3468552599847023,7.12961538016798,15.608672630310071
sim,Simulation,gripper.pos,5,63,-7.389695024490356,-3.3186960220336914,1.2903985977172852,7.68579363822937,15.766043376922632
sim,Simulation,gripper.pos,5,64,-7.389695024490356,-3.3186960220336914,1.2903985977172852,9.021328258514412,17.487244316101087
sim,Simulation,gripper.pos,5,65,-7.389695024490356,-3.322003963589668,1.4668232202529907,8.303279399871826,13.6383631515503
sim,Simulation,gripper.pos,5,66,-7.266197681427002,-2.612996757030487,2.1010705236346037,7.660212631225585,13.596726966857915
sim,Simulation,gripper.pos,5,67,-7.389695024490356,-2.612996757030487,2.878221273422241,8.75095674514771,14.025261013984691
sim,Simulation,gripper.pos,5,68,-8.148673812866212,-2.7232624292373657,2.966433048248291,11.042272787094074,17.817864097595216
sim,Simulation,gripper.pos,5,69,-8.309738046646123,-3.296642780303955,3.3977913105487816,12.51541805267334,22.224245979309085
sim,Simulation,gripper.pos,5,70,-8.640546188354492,-2.7673683762550354,4.1573004722595215,13.551915168762207,22.23200855255127
sim,Simulation,gripper.pos,5,71,-7.347000154495239,-2.2380950450897217,4.196113758087158,12.184621810913086,21.40281238555909
sim,Simulation,gripper.pos,5,72,-7.39181204414368,-2.0740200209617567,4.24551248550415,13.849190387725834,23.81982955932619
sim,Simulation,gripper.pos,5,73,-7.028024387359619,-1.6605248036980624,6.690316913127898,13.604399962425198,22.214366149902347
sim,Simulation,gripper.pos,5,74,-6.154722452163696,-1.5985555946826935,5.877439975738525,16.239744806289675,25.431644477844287
sim,Simulation,gripper.pos,5,75,-6.968481171131134,-1.1354404091835022,4.510149717330933,13.761417865753193,25.478219413757326
sim,Simulation,gripper.pos,5,76,-8.37379187011719,-2.6791563034057617,3.8062148904800424,13.71687083244327,23.42110913085938
sim,Simulation,gripper.pos,5,77,-9.999832153320312,-4.443403124809265,3.936769127845764,12.719410190582334,21.861694591522223
sim,Simulation,gripper.pos,5,78,-9.999832153320312,-6.1745700836181525,1.5109300017356873,11.585219936370848,22.501583320617687
sim,Simulation,gripper.pos,5,79,-9.999832153320312,-4.90651798248291,1.3609681129455566,11.653142762184144,21.61558068847653
sim,Simulation,gripper.pos,5,80,-9.999832153320312,-6.825136184692383,0.17892391085609383,12.338993549346924,22.39078960418702
sim,Simulation,gripper.pos,5,81,-9.999832153320312,-6.887987244129179,0.3641698956489563,12.338993549346924,21.48220405578614
sim,Simulation,gripper.pos,5,82,-9.999832153320312,-8.016002655029297,-0.34152951836586,12.43823254108429,22.381968498229988
sim,Simulation,gripper.pos,5,83,-9.999832153320312,-8.523223638534546,-0.42974182963371277,10.395235786438008,22.479002189636248
sim,Simulation,gripper.pos,5,84,-9.999832153320312,-8.346798419952393,-1.0913336277008057,9.033677558898958,20.8262566986084
sim,Simulation,gripper.pos,5,85,-9.999832153320312,-8.677595281600954,-1.3118647456169081,7.222678780555725,21.2704948425293
sim,Simulation,gripper.pos,5,86,-9.999832153320312,-8.699648380279541,-1.5782663536071728,5.371101119518279,14.181750448226937
sim,Simulation,gripper.pos,5,87,-9.999832153320312,-9.802065372467041,-2.3263068199157715,2.1052610072493536,12.574080748558067
sim,Simulation,gripper.pos,5,88,-9.999832153320312,-9.999832153320312,-2.5027315616607666,1.6653008162975311,8.547450431823732
sim,Simulation,gripper.pos,5,89,-9.999832153320312,-9.999832153320312,-2.6077042150497443,1.2004222571849823,8.126854515075687
sim,Simulation,gripper.pos,5,90,-9.999832153320312,-9.999832153320312,-3.270178890228271,-0.004117310047149658,5.896846904754655
sim,Simulation,gripper.pos,5,91,-9.999832153320312,-9.999832153320312,-3.6194999733565187,-0.3415297269821167,5.304060554504399
sim,Simulation,gripper.pos,5,92,-9.999832153320312,-9.999832153320312,-3.137860112190249,-0.3856358826160431,4.589541101455699
sim,Simulation,gripper.pos,5,93,-9.999832153320312,-9.999832153320312,-3.7059479141235228,-0.8928559720516205,4.589541101455699
sim,Simulation,gripper.pos,5,94,-9.999832153320312,-9.999832153320312,-3.7377043962478638,-0.8928559720516205,4.589541101455699
sim,Simulation,gripper.pos,5,95,-9.999832153320312,-9.999832153320312,-3.7377043962478638,-0.8928559720516205,3.9500012040138293
sim,Simulation,gripper.pos,5,96,-9.999832153320312,-9.999832153320312,-3.7377043962478638,-0.8928559720516205,3.4339584589004613
sim,Simulation,gripper.pos,5,97,-9.999832153320312,-9.999832153320312,-3.7377043962478638,-0.8928559720516205,3.8706102418899406
sim,Simulation,gripper.pos,5,98,-9.999832153320312,-9.999832153320312,-3.7377043962478638,-0.8928559720516205,3.59274158477784
sim,Simulation,gripper.pos,5,99,-9.999832153320312,-9.999832153320312,-3.7377043962478638,-0.7605379223823547,4.589541101455699
sim,Simulation,gripper.pos,5,100,-9.999832153320312,-9.999832153320312,-3.7377043962478638,-0.7605379223823547,4.589541101455699
real,Real,shoulder_pan.pos,0,0,-10.549450206756593,-7.9340656995773315,-5.01098895072937,-2.153846263885498,0.35164836347103495
real,Real,shoulder_pan.pos,0,1,-10.549450206756593,-7.9340656995773315,-5.01098895072937,-2.153846263885498,0.35164836347103495
real,Real,shoulder_pan.pos,0,2,-10.549450206756593,-7.9340656995773315,-5.1780219078063965,-2.0879122018814087,0.35164836347103495
real,Real,shoulder_pan.pos,0,3,-10.549450206756593,-8.140659093856812,-5.318681240081787,-2.153846263885498,0.35164836347103495
real,Real,shoulder_pan.pos,0,4,-10.391208457946776,-8.303296899795532,-5.464615297317506,-2.1635165929794313,-0.04395604878663267
real,Real,shoulder_pan.pos,0,5,-10.865933704376221,-8.373626232147217,-5.494505405426025,-2.175824284553528,-0.12307692319153915
real,Real,shoulder_pan.pos,0,6,-10.470329761505127,-8.461538553237915,-5.494505405426025,-2.153846263885498,-0.12307692319153915
real,Real,shoulder_pan.pos,0,7,-10.953846168518066,-8.461538553237915,-5.494505405426025,-2.153846263885498,-0.12307692319153915
real,Real,shoulder_pan.pos,0,8,-10.791736309051513,-8.444835348129272,-5.362637281417847,-2.263736367225647,0.5890110135078446
real,Real,shoulder_pan.pos,0,9,-10.874724864959717,-8.439560651779175,-5.318681240081787,-2.263736367225647,0.5802198052406319
real,Real,shoulder_pan.pos,0,10,-10.549450206756593,-8.285714387893677,-5.323076844215393,-2.254945158958435,0.6593406796455383
real,Real,shoulder_pan.pos,0,11,-11.03569190311432,-8.505494356155396,-5.528351557254791,-1.9945055171847343,0.7472527623176575
real,Real,shoulder_pan.pos,0,12,-11.125802181243897,-8.604835367202758,-5.452307605743409,-1.9780219793319702,0.800000017881398
real,Real,shoulder_pan.pos,0,13,-11.331868171691895,-8.395604610443115,-5.369230687618253,-1.8980219891667354,1.5384615659713745
real,Real,shoulder_pan.pos,0,14,-12.400879096984864,-9.428571224212646,-5.331868052482605,-1.5604395866394043,1.459340691566468
real,Real,shoulder_pan.pos,0,15,-13.380219650268554,-8.725274562835693,-5.2791208028793335,-1.4505494832992554,1.6457143115997312
real,Real,shoulder_pan.pos,0,16,-23.600878868103038,-10.591648206710815,-4.910769176483155,-1.3626374006271362,7.760527278900163
real,Real,shoulder_pan.pos,0,17,-32.68896802520752,-12.9006592130661,-4.50901095867157,-0.32967033609747887,15.885538471221937
real,Real,shoulder_pan.pos,0,18,-37.28527519226075,-23.239559936523438,-4.0,3.960879123210907,18.100746795654306
real,Real,shoulder_pan.pos,0,19,-43.37230854034424,-29.938461542129524,-4.435164809226988,7.872088010311127,19.959911613464364
real,Real,shoulder_pan.pos,0,20,-45.08307624816895,-32.43956079483032,-5.740659236907961,10.975824117660522,21.927033309936547
real,Real,shoulder_pan.pos,0,21,-48.80087963104248,-32.92307758331299,-7.959999804496764,14.250988950729374,27.326065546035785
real,Real,shoulder_pan.pos,0,22,-50.639824531555185,-33.67560382843017,-8.2356041431427,15.898901252746581,33.149537292480474
real,Real,shoulder_pan.pos,0,23,-53.30681169128418,-38.003957099914544,-9.26549433708191,16.807911500930786,34.18953874969484
real,Real,shoulder_pan.pos,0,24,-53.3918254852295,-39.95604419708252,-9.112966804504396,16.869449939727783,36.817230728149426
real,Real,shoulder_pan.pos,0,25,-55.85054969787598,-40.021979331970215,-9.97802186012268,17.868131637573242,36.80000152587895
real,Real,shoulder_pan.pos,0,26,-56.4847474822998,-40.259341621398924,-10.08615385055542,18.263736724853516,39.54901234436037
real,Real,shoulder_pan.pos,0,27,-57.12861415481567,-41.02197893142701,-12.193406581878662,18.21977949142456,39.7807480735779
real,Real,shoulder_pan.pos,0,28,-57.29652635192872,-44.74285820007324,-12.73670335769653,18.848352108001713,40.75323118591309
real,Real,shoulder_pan.pos,0,29,-57.55709745407104,-45.40659236907959,-11.956043720245361,20.263736724853516,41.47288042449953
real,Real,shoulder_pan.pos,0,30,-60.457142791748055,-45.50769290924072,-11.828570985794068,19.991209316253663,42.72703201293945
real,Real,shoulder_pan.pos,0,31,-61.11560342788696,-48.49340586662292,-10.916483135223388,21.132967228889477,43.39305375671388
real,Real,shoulder_pan.pos,0,32,-62.62892277526855,-48.77802085876465,-9.955164833068846,24.525713901519772,43.27032928466799
real,Real,shoulder_pan.pos,0,33,-63.41784587097168,-48.7912073135376,-9.758241653442383,24.85714340209961,43.32087955474855
real,Real,shoulder_pan.pos,0,34,-64.67692260742187,-48.72527503967285,-9.794285802841188,25.208351697921756,43.340660095214865
real,Real,shoulder_pan.pos,0,35,-65.22637100219727,-48.70329761505127,-10.068131971359254,25.54835126399994,43.34945144653322
real,Real,shoulder_pan.pos,0,36,-65.32747116088868,-48.70329761505127,-10.786813259124742,25.604395389556885,42.69995709228516
real,Real,shoulder_pan.pos,0,37,-65.4065933227539,-48.816483402252196,-15.000439319610596,25.68329605579376,42.03771489715577
real,Real,shoulder_pan.pos,0,38,-65.41450553894043,-48.86109853744506,-14.901098251342773,26.245274047851556,42.09230918884278
real,Real,shoulder_pan.pos,0,39,-65.44228823852539,-45.870550813674924,-14.901098251342773,21.824175357818604,42.96738313293457
real,Real,shoulder_pan.pos,0,40,-63.70109901428223,-44.98901176452637,-18.769229888916016,21.696703529357908,43.14725379943848
real,Real,shoulder_pan.pos,0,41,-63.70109901428223,-44.70549440383911,-20.277802543640128,21.522198038101195,42.02074873352051
real,Real,shoulder_pan.pos,0,42,-63.650988998413084,-42.262417678833,-16.09670373916625,21.472527980804443,40.76905625915526
real,Real,shoulder_pan.pos,0,43,-63.390856422424314,-44.09868054389953,-17.56659318923952,20.155604915618895,40.44756010055544
real,Real,shoulder_pan.pos,0,44,-63.60615379333496,-40.320000572204584,-15.226373653411864,16.15384554862976,39.665935134887704
real,Real,shoulder_pan.pos,0,45,-63.52087890625,-44.30109853744507,-11.775824189186096,12.076923012733463,40.05890014648437
real,Real,shoulder_pan.pos,0,46,-63.69230766296387,-45.07252740859985,-12.35956085205076,11.337582197189324,37.25468296813966
real,Real,shoulder_pan.pos,0,47,-63.38742795562744,-40.20131783485412,-14.261098766326903,10.103736290931682,35.43279219055178
real,Real,shoulder_pan.pos,0,48,-59.728879745483376,-42.86681270599364,-14.936263885498033,7.135823988914493,29.14707688903809
real,Real,shoulder_pan.pos,0,49,-59.67762591552735,-41.54000010490417,-12.67824207782746,9.975604248046878,29.16685772514345
real,Real,shoulder_pan.pos,0,50,-55.53406448364252,-41.41758155822754,-14.175824165344238,5.747252643108338,29.898901557922414
real,Real,shoulder_pan.pos,0,51,-51.51472392272947,-36.4619775390625,-16.367472743988042,3.924175828695291,32.45046197509767
real,Real,shoulder_pan.pos,0,52,-48.890373901367184,-34.75956089019774,-17.891867561340334,5.751208686828601,34.136262893676765
real,Real,shoulder_pan.pos,0,53,-48.284132492065424,-32.362197179794315,-20.625055274963387,7.482637512683873,30.275868820190446
real,Real,shoulder_pan.pos,0,54,-51.22496630859374,-32.997803163528395,-20.900220317840557,10.542417669296272,33.15375914001467
real,Real,shoulder_pan.pos,0,55,-51.639561080932616,-33.296703577041626,-16.356044316291808,8.726373577117915,30.292747497558665
real,Real,shoulder_pan.pos,0,56,-50.180571670532224,-35.03296661376953,-11.690549468994137,11.378461284637462,28.28342845916755
real,Real,shoulder_pan.pos,0,57,-50.08351554870605,-36.93450555801393,-9.48307689666748,14.995384504795076,31.63498931884771
real,Real,shoulder_pan.pos,0,58,-50.45274696350098,-36.86065879821775,-9.204395599365235,16.661537981033337,35.88606539916993
real,Real,shoulder_pan.pos,0,59,-52.74848335647586,-35.32747310638428,-8.280439386367792,18.891208043098462,39.12949463653566
real,Real,shoulder_pan.pos,0,60,-54.4087899017334,-38.38241710662842,-7.718681097030647,20.65934133529663,40.10725273132326
real,Real,shoulder_pan.pos,0,61,-55.15498893356323,-37.55164756774903,-8.527472496032715,21.096483254432677,42.51692356109619
real,Real,shoulder_pan.pos,0,62,-55.55832946777344,-36.712087631225586,-7.252747058868408,21.35208765029907,43.4552970504761
real,Real,shoulder_pan.pos,0,63,-55.57134048461914,-35.62637233734131,-7.453186607360841,22.007473125457764,44.814329082489046
real,Real,shoulder_pan.pos,0,64,-55.6729668426514,-35.47252655029297,-7.4285712242126465,23.472527503967285,47.75841667175296
real,Real,shoulder_pan.pos,0,65,-56.49230613708496,-35.38461494445801,-7.439560234546656,24.336263155937196,46.86065925598144
real,Real,shoulder_pan.pos,0,66,-56.36817568969727,-34.90109825134277,-7.780219554901123,24.395604610443115,46.50496835327151
real,Real,shoulder_pan.pos,0,67,-55.85608776092529,-34.60131833076476,-7.570109677314761,24.45428560733795,45.073582893371594
real,Real,shoulder_pan.pos,0,68,-54.943999954223635,-32.567031803131094,-6.725274562835693,23.604395866394043,39.76544926452643
real,Real,shoulder_pan.pos,0,69,-52.7503295707703,-31.120219221115107,-6.9098899364471436,23.582417964935303,36.63929542541505
real,Real,shoulder_pan.pos,0,70,-51.57362663269043,-31.002197551727296,-6.865933895111082,20.769230365753174,35.98241615295411
real,Real,shoulder_pan.pos,0,71,-50.72738473892211,-29.112087755203248,-7.516483306884766,20.294285531044007,35.45494651794434
real,Real,shoulder_pan.pos,0,72,-45.9562195892334,-25.252747535705566,-7.572747039794922,16.471208429336595,35.19367094421387
real,Real,shoulder_pan.pos,0,73,-40.465581768035875,-22.790329780578634,-7.384615182876587,13.489231081008915,32.77371341323854
real,Real,shoulder_pan.pos,0,74,-38.28149399566649,-21.877803039550784,-7.384615182876587,10.58901071548466,29.23076877593995
real,Real,shoulder_pan.pos,0,75,-29.863736152648926,-19.626373529434204,-7.747252702713013,8.818681240081782,26.18901081085205
real,Real,shoulder_pan.pos,0,76,-24.762724609374995,-15.758241939544673,-7.4285712242126465,8.1318678855896,20.430066307067882
real,Real,shoulder_pan.pos,0,77,-22.294857849121094,-14.94505524635315,-7.4285712242126465,6.523736113309833,16.792087259292614
real,Real,shoulder_pan.pos,0,78,-19.46496689987182,-14.329670667648315,-7.340659141540527,2.5802198648452785,13.626021945953386
real,Real,shoulder_pan.pos,0,79,-17.14707628250122,-12.362198257446288,-7.071648168563845,1.6703296899795532,8.93010959625244
real,Real,shoulder_pan.pos,0,80,-15.416263523101806,-10.676922798156738,-6.663736104965215,-0.813186839222908,6.584615230560305
real,Real,shoulder_pan.pos,0,81,-14.324747591018665,-10.588351628780357,-6.129670202732093,-1.9997802492976193,6.294681181907667
real,Real,shoulder_pan.pos,0,82,-13.086417728424076,-9.869890222549406,-6.241758108139038,-1.6219780427217576,4.032175822257999
real,Real,shoulder_pan.pos,0,83,-13.36421997261046,-9.449670481681796,-6.1978020668029785,-1.987472541034222,2.156659376502018
real,Real,shoulder_pan.pos,0,84,-12.899164825439453,-9.24395613670349,-6.044835042953492,-2.791208863258362,1.6320000219345083
real,Real,shoulder_pan.pos,0,85,-12.79208832740784,-8.707692027091978,-6.057142734527576,-2.857142925262451,1.4681318998336808
real,Real,shoulder_pan.pos,0,86,-12.386813163757324,-8.621978068351744,-6.0659339427948,-2.3657143312692313,1.044395639896389
real,Real,shoulder_pan.pos,0,87,-12.457143306732178,-8.043956013917922,-5.8443954944610566,-2.5114286601543427,1.1219341182708726
real,Real,shoulder_pan.pos,0,88,-11.575560024261476,-8.549450278282166,-5.934065818786621,-2.3305495500564577,1.2043956518173233
real,Real,shoulder_pan.pos,0,89,-11.57986786079407,-7.868131637573242,-5.802197694778442,-2.4975825071334876,1.2043956518173233
real,Real,shoulder_pan.pos,0,90,-11.604395198822022,-7.868131637573242,-5.714285612106323,-2.241758346557617,1.2043956518173233
real,Real,shoulder_pan.pos,0,91,-11.09450511932373,-7.868131637573242,-5.4945054054260325,-2.096044069528581,1.2043956518173233
real,Real,shoulder_pan.pos,0,92,-11.107164768218999,-7.9340656995773315,-5.538461446762085,-2.0000000298023224,1.2043956518173233
real,Real,shoulder_pan.pos,0,93,-11.09450511932373,-8.28307668209076,-5.5182416677475,-2.0000000298023224,1.1882198286056522
real,Real,shoulder_pan.pos,0,94,-11.236395208358765,-8.379340548515316,-5.538461446762085,-2.1098902225494385,1.186813235282898
real,Real,shoulder_pan.pos,0,95,-11.348571467399596,-8.417582511901855,-5.626373529434204,-2.0945056080818194,1.1076923608779914
real,Real,shoulder_pan.pos,0,96,-11.191208839416504,-8.398241958618163,-5.735384511947626,-2.0879122018814087,1.1076923608779914
real,Real,shoulder_pan.pos,0,97,-11.191208839416504,-8.373626470565796,-5.694065833091736,-2.0879122018814087,1.1076923608779914
real,Real,shoulder_pan.pos,0,98,-11.191208839416504,-8.373626470565796,-5.758241653442383,-2.0879122018814087,1.1076923608779914
real,Real,shoulder_pan.pos,0,99,-11.191208839416504,-8.373626470565796,-5.758241653442383,-2.0879122018814087,1.1076923608779914
real,Real,shoulder_pan.pos,0,100,-11.191208839416504,-8.373626470565796,-5.758241653442383,-2.0879122018814087,1.1076923608779914
real,Real,shoulder_lift.pos,1,0,-104.17582702636719,-104.0,-104.0,-103.47252655029297,-102.44395446777344
real,Real,shoulder_lift.pos,1,1,-104.17582702636719,-104.0,-104.0,-103.47252655029297,-102.44395446777344
real,Real,shoulder_lift.pos,1,2,-104.17582702636719,-104.02901145935058,-104.0,-103.47252655029297,-102.44395446777344
real,Real,shoulder_lift.pos,1,3,-104.17582702636719,-104.0,-104.0,-103.48131790161133,-102.44395446777344
real,Real,shoulder_lift.pos,1,4,-104.17582702636719,-104.0,-104.0,-103.58241844177246,-101.78461227416992
real,Real,shoulder_lift.pos,1,5,-104.09670486450196,-104.0,-104.0,-103.49450492858887,-100.72967224121093
real,Real,shoulder_lift.pos,1,6,-104.09670486450196,-104.0,-104.0,-103.57538536071777,-100.72967224121093
real,Real,shoulder_lift.pos,1,7,-104.09775982666015,-104.0,-104.0,-103.47252655029297,-99.28966917419433
real,Real,shoulder_lift.pos,1,8,-104.0879135131836,-104.0,-103.97362594604492,-103.03296661376953,-97.30039572143555
real,Real,shoulder_lift.pos,1,9,-104.0879135131836,-104.0,-103.9120864868164,-102.13779870986939,-91.81248315429687
real,Real,shoulder_lift.pos,1,10,-104.0879135131836,-104.0,-103.60439682006836,-97.71428298950195,-82.14153656005858
real,Real,shoulder_lift.pos,1,11,-104.0,-103.94615297317505,-100.79121017456055,-87.14879196166991,-69.28026407623291
real,Real,shoulder_lift.pos,1,12,-104.0,-103.81626098632813,-95.02769241333007,-77.19032859802246,-62.615912719726545
real,Real,shoulder_lift.pos,1,13,-104.0,-101.93450689315796,-86.52088035583496,-69.72263549804688,-53.80510007476807
real,Real,shoulder_lift.pos,1,14,-103.83296432495118,-93.59384735107422,-76.3314291381836,-62.27692398071289,-44.94136342620849
real,Real,shoulder_lift.pos,1,15,-102.1138484954834,-84.88461542129517,-68.30769367218018,-53.132967710495,-40.347251987457234
real,Real,shoulder_lift.pos,1,16,-91.51999774169923,-78.31824295043945,-62.18901039123536,-46.751648521423334,-29.213187026977526
real,Real,shoulder_lift.pos,1,17,-86.82241928100586,-70.62988748550416,-57.954284496307366,-39.76593542098999,-22.804835471153183
real,Real,shoulder_lift.pos,1,18,-76.77397659301761,-64.81318664550781,-52.8140658569336,-33.32747356414795,-13.082021675109868
real,Real,shoulder_lift.pos,1,19,-71.76659503936767,-61.270988435745245,-48.53362573623659,-26.720879440307616,-4.698110063076003
real,Real,shoulder_lift.pos,1,20,-67.15604095458984,-56.15384578704834,-44.31648406982422,-17.740659523010255,0.11780219808220402
real,Real,shoulder_lift.pos,1,21,-64.79384405517578,-53.120000171661374,-38.53538497924804,-10.188351879119875,5.10628588676454
real,Real,shoulder_lift.pos,1,22,-61.18153828430176,-47.43340770721435,-30.057142887115482,-4.7481319653987795,9.400791236877437
real,Real,shoulder_lift.pos,1,23,-57.628483360290524,-43.980439214706415,-25.072087583541872,1.6892308376356944,15.917801809310932
real,Real,shoulder_lift.pos,1,24,-57.51244004821777,-39.813626060485845,-21.357362289428714,9.019780158996586,23.253802101135257
real,Real,shoulder_lift.pos,1,25,-57.85494613647461,-35.252747535705566,-17.527472257614136,13.071428596973426,30.509889793396002
real,Real,shoulder_lift.pos,1,26,-55.462152236938486,-30.004395303726188,-9.312527608871463,19.184615240097045,33.432264556884775
real,Real,shoulder_lift.pos,1,27,-52.30945129394531,-24.350549244880682,-0.6004395832121402,24.340219898223886,36.49705537414551
real,Real,shoulder_lift.pos,1,28,-47.085362930297855,-18.313846225738523,3.8101100015640297,27.26241708755493,39.040351181030275
real,Real,shoulder_lift.pos,1,29,-42.92088035583496,-17.06131893396377,10.440439891815188,29.697582354545588,43.277098793029786
real,Real,shoulder_lift.pos,1,30,-41.37142829895021,-13.331867933273305,14.303296852111819,31.507692337036133,46.42373569488526
real,Real,shoulder_lift.pos,1,31,-40.936262893676755,-8.244395904540994,19.505494413375857,33.50989107131958,47.74311976623536
real,Real,shoulder_lift.pos,1,32,-36.668131256103514,-5.0400001764297375,23.00483489990234,36.662856483459464,49.001143371582074
real,Real,shoulder_lift.pos,1,33,-35.430768981933575,-6.7927473247051235,25.53054920196533,41.44703197479249,50.88070352172855
real,Real,shoulder_lift.pos,1,34,-32.51622024536132,-7.0584615945816,27.218461933135984,44.780219078063965,52.9735381088257
real,Real,shoulder_lift.pos,1,35,-29.969230480194092,-3.953846254944798,28.39120855331421,44.4857141494751,53.92395479202274
real,Real,shoulder_lift.pos,1,36,-26.591648200988768,-3.370549488067628,27.141978111267086,45.44615440368652,57.09608642578126
real,Real,shoulder_lift.pos,1,37,-25.632526971817015,-2.879120945930481,26.250109624862663,45.6349456882477,57.43621979522705
real,Real,shoulder_lift.pos,1,38,-26.197802925109862,-2.9265934526920327,25.585933952331537,45.23076915740967,57.88131828308106
real,Real,shoulder_lift.pos,1,39,-28.231209251403815,-4.734945189952851,24.22373658180237,44.253406066894534,57.7195612335205
real,Real,shoulder_lift.pos,1,40,-24.935384902954098,-3.076923131942749,22.98901081085205,44.20219745635987,57.5841748046875
real,Real,shoulder_lift.pos,1,41,-27.29591186904907,-2.7534066677093465,22.146813545227083,43.37406549453737,55.94989109039308
real,Real,shoulder_lift.pos,1,42,-29.70197771453857,-5.959560542106593,17.96483535766601,41.926593170166015,53.169933799743674
real,Real,shoulder_lift.pos,1,43,-31.658372680664066,-9.815164980888367,10.170549731254567,38.12373495101929,51.107251567840585
real,Real,shoulder_lift.pos,1,44,-29.783560569763182,-14.735823774337758,8.272527694702141,35.15076793670656,51.498901367187536
real,Real,shoulder_lift.pos,1,45,-29.781978149414062,-15.525274395942695,4.219780325889587,33.253846502304064,49.184176998138426
real,Real,shoulder_lift.pos,1,46,-32.90250596618654,-20.87912082672119,1.7028571981191358,26.913406677246105,47.42382511138917
real,Real,shoulder_lift.pos,1,47,-39.751911781311044,-21.64043972015381,-0.15560439586639496,25.545054759979244,42.36131982803356
real,Real,shoulder_lift.pos,1,48,-42.308220886230465,-24.611868400573723,-2.85362640619277,23.343297233581545,37.71463880920413
real,Real,shoulder_lift.pos,1,49,-46.10338420867919,-24.785055150985716,-5.598241901397703,17.04109911203387,36.779955917358386
real,Real,shoulder_lift.pos,1,50,-46.19780158996582,-33.39560389518738,-3.846154034137726,13.25274717807767,41.47692317962646
real,Real,shoulder_lift.pos,1,51,-47.712880142211965,-36.037364006042445,-9.676923294067382,13.850988781452173,41.185318538665804
real,Real,shoulder_lift.pos,1,52,-50.85538467407226,-36.480000724792475,-14.603955745697025,16.75340685844421,44.76061528015136
real,Real,shoulder_lift.pos,1,53,-51.88764853668212,-38.10263723373411,-21.204835214614846,17.159561085701,45.44703222274783
real,Real,shoulder_lift.pos,1,54,-52.79630834197998,-40.553407287597636,-20.712087802886977,10.909010934829725,47.910681663513195
real,Real,shoulder_lift.pos,1,55,-59.88571491241459,-39.67472352981567,-14.439560365676865,16.371429014205965,49.912087001800565
real,Real,shoulder_lift.pos,1,56,-60.53239524841308,-39.447913208007805,-18.10109859466551,22.647912445068382,49.091867767334044
real,Real,shoulder_lift.pos,1,57,-61.92422003555296,-42.41890033721923,-14.73230752944946,26.296702861785896,53.24342940521243
real,Real,shoulder_lift.pos,1,58,-58.969669586181645,-42.741537418365475,-9.89626377105713,30.041758060455308,55.728350379943855
real,Real,shoulder_lift.pos,1,59,-58.67692390441894,-38.452748069763196,-8.579340624809252,36.91977958679198,54.54065780639651
real,Real,shoulder_lift.pos,1,60,-58.15208656311035,-33.61318645477292,-5.186813354492175,40.4439567565918,53.59999862670902
real,Real,shoulder_lift.pos,1,61,-57.98013265991211,-32.31208744049073,0.6369231098890382,41.078022994995166,55.388130508422876
real,Real,shoulder_lift.pos,1,62,-58.23296775817871,-35.52527475357054,2.0958242654800605,39.59208658218385,57.31235127258301
real,Real,shoulder_lift.pos,1,63,-57.084659202575686,-33.11868104934692,2.967033088207251,35.98219784736635,57.86294628143314
real,Real,shoulder_lift.pos,1,64,-56.71876998901367,-31.894506549835206,3.970109925270065,37.35911979675295,56.94628547668457
real,Real,shoulder_lift.pos,1,65,-57.861976890563966,-30.89670336246492,6.4549451470374954,38.60439596176147,55.490110015869156
real,Real,shoulder_lift.pos,1,66,-57.0725284576416,-29.586812839508063,5.761758375167846,36.22857154846197,52.91885758972189
real,Real,shoulder_lift.pos,1,67,-57.05213262939453,-28.344835448265076,4.8087913799285715,33.24153833866119,52.95569216156006
real,Real,shoulder_lift.pos,1,68,-56.911122100830084,-28.382417297363276,-1.2307692915201187,27.571867790222164,46.29520938110348
real,Real,shoulder_lift.pos,1,69,-59.04131927108766,-32.134506778717025,-2.7806594133377165,22.7892308807373,42.4703308105469
real,Real,shoulder_lift.pos,1,70,-61.83208770751951,-38.219780921936035,-7.468131899833679,18.15384602546692,41.60351524353026
real,Real,shoulder_lift.pos,1,71,-67.75463858032228,-43.67252714157105,-15.540219688415501,11.961098886728212,33.924307483673154
real,Real,shoulder_lift.pos,1,72,-72.48879107666015,-47.80219760894775,-21.802197875976567,3.8479122686385523,26.472792015075697
real,Real,shoulder_lift.pos,1,73,-73.38848236846927,-55.219119281768805,-26.421098899841326,-1.9745055513084195,19.191384521484377
real,Real,shoulder_lift.pos,1,74,-81.06901129150383,-63.19736270904538,-36.26813144683844,-8.20791231155394,16.414593334197964
real,Real,shoulder_lift.pos,1,75,-86.97362766265864,-69.48351621627806,-44.30769252777104,-15.434065699577367,8.057142889499609
real,Real,shoulder_lift.pos,1,76,-94.34268203735348,-74.18988983154296,-52.07736167907712,-23.607033004760762,-3.6610110111236596
real,Real,shoulder_lift.pos,1,77,-100.34461541748043,-84.6101117324829,-62.01538333892822,-32.36043876171113,-15.616527018547032
real,Real,shoulder_lift.pos,1,78,-104.0879135131836,-93.05670387268064,-71.67472473144528,-39.30944997787476,-22.013186542511004
real,Real,shoulder_lift.pos,1,79,-104.11587001037597,-99.89450712203978,-76.32834896087645,-49.5197798061371,-32.66391111755371
real,Real,shoulder_lift.pos,1,80,-104.26373291015625,-104.05274810791016,-82.94505310058594,-59.60000000000008,-43.233406677246066
real,Real,shoulder_lift.pos,1,81,-104.35164642333984,-104.0879135131836,-89.07912006378174,-72.87736473083504,-56.46303426742545
real,Real,shoulder_lift.pos,1,82,-104.31999893188477,-104.0879135131836,-95.80307632446286,-80.3789018249512,-66.58461558532704
real,Real,shoulder_lift.pos,1,83,-104.31683267211913,-104.0879135131836,-101.34989002227783,-88.48087886810308,-75.51823880004878
real,Real,shoulder_lift.pos,1,84,-104.35164642333984,-104.0879135131836,-103.42857360839844,-92.61977882385253,-81.42206741333018
real,Real,shoulder_lift.pos,1,85,-104.43955993652344,-104.18571643829345,-103.9340648651123,-97.60549554824829,-90.45098754882817
real,Real,shoulder_lift.pos,1,86,-104.43955993652344,-104.24966796875,-104.01318702697753,-102.96044025421145,-93.9581515197754
real,Real,shoulder_lift.pos,1,87,-104.43955993652344,-104.33142770767212,-104.0,-103.20879364013672,-95.08703418731689
real,Real,shoulder_lift.pos,1,88,-104.4483512878418,-104.32966804504395,-104.0,-103.11208793640137,-96.44589080810546
real,Real,shoulder_lift.pos,1,89,-104.43955993652344,-104.2384599685669,-104.0,-103.07516510009765,-98.48545206451418
real,Real,shoulder_lift.pos,1,90,-104.43955993652344,-104.17582702636719,-104.0,-103.56263790130615,-99.80571571350097
real,Real,shoulder_lift.pos,1,91,-104.43955993652344,-104.17582702636719,-104.0,-103.56527530670166,-101.14567041015624
real,Real,shoulder_lift.pos,1,92,-104.3562179260254,-104.17582702636719,-103.9120864868164,-103.31955703735352,-100.19340667724609
real,Real,shoulder_lift.pos,1,93,-104.35164642333984,-104.17582702636719,-103.99648345947266,-103.04087882995606,-100.19340667724609
real,Real,shoulder_lift.pos,1,94,-104.18461761474609,-104.0879135131836,-104.0,-103.182417678833,-99.9532338256836
real,Real,shoulder_lift.pos,1,95,-104.17582702636719,-104.0879135131836,-103.9120864868164,-103.05494499206543,-100.03516235351563
real,Real,shoulder_lift.pos,1,96,-104.17582702636719,-104.0879135131836,-103.9120864868164,-102.94505310058594,-100.19340667724609
real,Real,shoulder_lift.pos,1,97,-104.17582702636719,-104.0,-103.9120864868164,-103.03296661376953,-100.19340667724609
real,Real,shoulder_lift.pos,1,98,-104.17582702636719,-104.0,-103.9120864868164,-103.03296661376953,-100.19340667724609
real,Real,shoulder_lift.pos,1,99,-104.17582702636719,-104.0,-103.9120864868164,-103.03296661376953,-100.19340667724609
real,Real,shoulder_lift.pos,1,100,-104.17582702636719,-104.0,-103.9120864868164,-103.03296661376953,-100.19340667724609
real,Real,elbow_flex.pos,2,0,96.70330047607422,96.79120635986328,96.79120635986328,96.79120635986328,96.96703338623047
real,Real,elbow_flex.pos,2,1,96.70330047607422,96.79120635986328,96.79120635986328,96.79120635986328,96.96703338623047
real,Real,elbow_flex.pos,2,2,96.70330047607422,96.79120635986328,96.79120635986328,96.79120635986328,96.96703338623047
real,Real,elbow_flex.pos,2,3,96.70330047607422,96.79120635986328,96.79120635986328,96.79120635986328,96.96703338623047
real,Real,elbow_flex.pos,2,4,96.70330047607422,96.79120635986328,96.79120635986328,96.79120635986328,96.96703338623047
real,Real,elbow_flex.pos,2,5,96.70330047607422,96.79120635986328,96.79120635986328,96.79120635986328,96.96703338623047
real,Real,elbow_flex.pos,2,6,96.70330047607422,96.79120635986328,96.79120635986328,96.79120635986328,96.96703338623047
real,Real,elbow_flex.pos,2,7,96.70330047607422,96.79120635986328,96.79120635986328,96.79120635986328,96.96703338623047
real,Real,elbow_flex.pos,2,8,96.11252917480469,96.72791412353516,96.79120635986328,96.79120635986328,96.87911987304688
real,Real,elbow_flex.pos,2,9,90.38171421813965,96.28527744293213,96.79120635986328,96.79120635986328,96.79120635986328
real,Real,elbow_flex.pos,2,10,79.02417526245117,93.12088012695312,96.67253074645996,96.79120635986328,96.79120635986328
real,Real,elbow_flex.pos,2,11,69.70347275543214,84.49230983734131,94.77142921447754,96.79120635986328,96.79120635986328
real,Real,elbow_flex.pos,2,12,54.50373558044434,74.83164894104004,88.19340606689454,96.79120635986328,96.79120635986328
real,Real,elbow_flex.pos,2,13,48.29925210571289,64.96878871917724,80.29670143127441,95.2268134689331,96.79120635986328
real,Real,elbow_flex.pos,2,14,43.86777925109863,54.96703220367433,69.90153861999511,87.91428771972656,96.71209106445312
real,Real,elbow_flex.pos,2,15,35.91384738922119,47.671428966522214,60.6703293800354,80.23736267089843,94.00395294189454
real,Real,elbow_flex.pos,2,16,29.820482963562014,40.54505477905272,56.356922378540034,72.31296745300293,88.23525201416017
real,Real,elbow_flex.pos,2,17,23.587340761184688,37.42505380630493,52.777142124176024,66.07054796218873,80.24562945556642
real,Real,elbow_flex.pos,2,18,18.175296985626225,33.95428470611572,48.21802219390869,62.35736103057861,73.99753900146484
real,Real,elbow_flex.pos,2,19,11.100307928085337,27.532088437080382,43.19604482650757,59.05934066772461,72.5352085876465
real,Real,elbow_flex.pos,2,20,3.205274772644043,20.91428623199463,42.03956146240235,56.14065856933595,67.41626419067383
real,Real,elbow_flex.pos,2,21,-0.34285715296864416,15.071648287773137,38.8131859397888,52.99582316398621,62.81476958465579
real,Real,elbow_flex.pos,2,22,-3.2327033424377403,8.83868172645569,34.441319580078115,50.06153812408448,58.85415331268312
real,Real,elbow_flex.pos,2,23,-8.199912092208862,5.440219932794571,29.346373453140252,48.13098994255067,55.997537208557134
real,Real,elbow_flex.pos,2,24,-15.08254907989502,0.7639560595154757,24.720879325866697,46.07999877929687,55.009756683349615
real,Real,elbow_flex.pos,2,25,-21.338461494445802,-3.9560441374778748,21.714285850524906,43.384615898132324,54.83955974578858
real,Real,elbow_flex.pos,2,26,-22.845890144348147,-6.7586813926696765,18.608351898193366,41.2505489730835,54.60307684326172
real,Real,elbow_flex.pos,2,27,-25.421363235473635,-11.161758170127882,13.952527356147776,39.33846223831177,54.70189131546021
real,Real,elbow_flex.pos,2,28,-29.122462013244622,-16.018462114334113,5.879560565948488,35.773186378479,55.31428565979004
real,Real,elbow_flex.pos,2,29,-34.244571296691895,-18.57142925262451,2.7956044435501157,34.39560604095459,53.74962572479249
real,Real,elbow_flex.pos,2,30,-36.68219879150391,-20.778021526336673,-1.7142857611179352,33.53406686782837,53.78461494445802
real,Real,elbow_flex.pos,2,31,-42.24421920394897,-24.148571701049807,-1.9208791601657844,30.945933647155762,53.553405113220215
real,Real,elbow_flex.pos,2,32,-46.01213119506836,-26.879120349884033,-4.260219883918763,30.938021602630613,53.61758079528809
real,Real,elbow_flex.pos,2,33,-47.024177169799806,-29.420220098495484,-5.890110015869141,31.4312087059021,54.30197874069213
real,Real,elbow_flex.pos,2,34,-48.70857158660888,-29.99560384750366,-5.9252748489379865,31.93758228302002,55.09802154541017
real,Real,elbow_flex.pos,2,35,-50.409671154022206,-32.286813783645634,-7.261538505554199,28.04175822734833,52.27428436279298
real,Real,elbow_flex.pos,2,36,-51.57731800842285,-31.010109367370607,-5.406593441963196,24.417582511901855,50.53292349243166
real,Real,elbow_flex.pos,2,37,-51.582417869567905,-31.731647882461544,-8.219780445098877,23.332966399192813,51.05863692092896
real,Real,elbow_flex.pos,2,38,-51.42417526245117,-31.58241844177246,-8.26109912395477,20.996923007965066,46.52377955627445
real,Real,elbow_flex.pos,2,39,-51.40641787719726,-30.043955326080322,-7.489670360088345,22.303296089172363,46.427341938018834
real,Real,elbow_flex.pos,2,40,-49.73186836242676,-29.841758155822752,-4.448351860046381,23.142856502532958,45.79340515136721
real,Real,elbow_flex.pos,2,41,-49.526066642761236,-30.72659395217898,-3.988571548461916,24.84439621925354,45.80395573425289
real,Real,elbow_flex.pos,2,42,-49.723077392578126,-28.00263742446903,0.2637362629175186,20.66021970748899,46.334067298889195
real,Real,elbow_flex.pos,2,43,-48.00087989807129,-25.47868171215057,2.2039560799300824,22.210989518165587,40.90742842102055
real,Real,elbow_flex.pos,2,44,-48.27287832641602,-25.452308025360107,5.105934233665488,24.167033023834225,41.720614395141645
real,Real,elbow_flex.pos,2,45,-44.40263645172117,-24.96703290939331,5.019780397415161,26.91868176460266,40.372746734619156
real,Real,elbow_flex.pos,2,46,-45.11613075256356,-22.065934658050537,7.23076927661894,28.712967042922976,39.10417665863038
real,Real,elbow_flex.pos,2,47,-48.2564394683838,-21.09890127182007,7.417582452297211,28.175823569297783,42.88167100524903
real,Real,elbow_flex.pos,2,48,-47.66593551635742,-18.225055599212638,11.989450378417974,29.239559841156005,48.93186843872075
real,Real,elbow_flex.pos,2,49,-50.27032954788208,-24.659120993614184,14.397801876068105,32.504396653175355,49.520175796508795
real,Real,elbow_flex.pos,2,50,-51.98681297302246,-22.31868052482605,13.428571462631234,35.659340381622314,51.103297042846684
real,Real,elbow_flex.pos,2,51,-50.315165451049786,-21.01934066772454,16.096263360977183,36.13692293167114,54.241935081481934
real,Real,elbow_flex.pos,2,52,-53.84650434875488,-17.522637825012197,17.047912101745602,38.13274700164795,56.39560356140139
real,Real,elbow_flex.pos,2,53,-55.73608910369872,-21.447032670974714,19.33538471221919,36.33516465187074,58.02813275909424
real,Real,elbow_flex.pos,2,54,-58.3138452606201,-17.349890413284317,18.537142944335947,39.5551634979248,56.332132675170904
real,Real,elbow_flex.pos,2,55,-63.883956604003906,-22.1230767250061,18.69670357704163,41.87692222595216,55.73626289367678
real,Real,elbow_flex.pos,2,56,-66.06171267700195,-26.02901109695435,15.586813564300542,38.16615398406984,58.156306304931654
real,Real,elbow_flex.pos,2,57,-65.54540668487549,-31.755164527893065,14.426373548507694,41.14373607635497,58.50760462570191
real,Real,elbow_flex.pos,2,58,-64.73934089660646,-32.64571367263791,12.530110073089608,44.44131786346436,57.403076934814464
real,Real,elbow_flex.pos,2,59,-67.61301077270508,-34.385713958740226,12.86593401432038,43.490989475250245,59.09098754882816
real,Real,elbow_flex.pos,2,60,-64.68571243286132,-40.26373596191406,8.95824193954467,43.03296661376953,62.32263809204104
real,Real,elbow_flex.pos,2,61,-63.885011795043944,-41.71846272468573,9.242637288570403,41.68241717338562,66.30769004821778
real,Real,elbow_flex.pos,2,62,-63.6525714263916,-44.00043985366822,6.961758303642277,42.3002199745178,66.22066131591798
real,Real,elbow_flex.pos,2,63,-63.04175643920898,-42.2197790145874,5.538461685180664,43.59274609565735,65.37143020629885
real,Real,elbow_flex.pos,2,64,-62.95982260131836,-43.40043857574465,5.162197971343982,45.40659236907959,68.35446270751953
real,Real,elbow_flex.pos,2,65,-60.22197654724121,-43.736263275146484,4.281318783760058,45.54725303649903,68.1556031036377
real,Real,elbow_flex.pos,2,66,-60.29010848999023,-43.6430784034729,3.6553847002983093,46.55736213684082,68.67024124145507
real,Real,elbow_flex.pos,2,67,-55.99999885559082,-35.097581243515,8.08791208267212,48.44637434005738,69.25872602844238
real,Real,elbow_flex.pos,2,68,-52.835166168212886,-26.545934085845932,8.96703290939331,48.27428569793699,68.98285903930665
real,Real,elbow_flex.pos,2,69,-49.723077011108394,-19.370329599380483,8.08791208267212,47.14285621643066,70.25978023529055
real,Real,elbow_flex.pos,2,70,-43.85933990478515,-14.525274419784552,12.720879030227653,51.7252742767334,70.30329742431641
real,Real,elbow_flex.pos,2,71,-39.18224243545527,-7.878461545705811,21.967911787033085,53.36967096328735,71.26154098510743
real,Real,elbow_flex.pos,2,72,-31.115603981018065,-1.5454945868253052,25.044396018981914,55.472527503967285,71.87129763793946
real,Real,elbow_flex.pos,2,73,-20.76835184097302,3.30000010132791,33.40571399688712,57.04835131645202,72.23824409484864
real,Real,elbow_flex.pos,2,74,-17.66435158538818,16.189889621734643,40.78329765319824,60.34373634338375,74.73758438110355
real,Real,elbow_flex.pos,2,75,-16.298900699615473,19.879120349884033,45.153846740722656,67.33516597747803,76.71209030151367
real,Real,elbow_flex.pos,2,76,-4.556659545898447,24.633846111297622,51.687032852172855,70.96790924072266,80.9592945251465
real,Real,elbow_flex.pos,2,77,2.5161319565772984,31.73450539112096,58.48087951660156,75.1868115234375,84.28123041534424
real,Real,elbow_flex.pos,2,78,12.983032854080205,39.72923109054567,62.340218849182136,78.72615238189698,86.9246566619873
real,Real,elbow_flex.pos,2,79,24.55683593749998,46.898901958465636,68.06681320190432,81.57230991363525,88.0195197143555
real,Real,elbow_flex.pos,2,80,32.24615325927734,57.42857246398926,73.41538314819337,83.84615707397461,91.26681076049802
real,Real,elbow_flex.pos,2,81,43.28641707992554,66.98044033050536,78.53889911651612,87.59604290008545,93.90540720367432
real,Real,elbow_flex.pos,2,82,51.78443802642824,72.86153923034671,82.96791244506835,90.9613181686401,96.70330047607422
real,Real,elbow_flex.pos,2,83,55.860571937561154,76.74945135116576,85.43648208618166,94.51428499221804,96.79120635986328
real,Real,elbow_flex.pos,2,84,65.13723175048824,80.03956192016602,88.2795602416992,96.6180223083496,96.87911987304688
real,Real,elbow_flex.pos,2,85,69.45626346588135,83.2109893798828,90.50329742431643,96.70330047607422,96.87911987304688
real,Real,elbow_flex.pos,2,86,73.77107710266108,87.69582221984865,95.02593338012693,96.70330047607422,96.87911987304688
real,Real,elbow_flex.pos,2,87,78.1512077331543,90.4782400894165,96.70330047607422,96.79120635986328,96.87911987304688
real,Real,elbow_flex.pos,2,88,82.63665692138673,94.39033134460448,96.70330047607422,96.79120635986328,96.87911987304688
real,Real,elbow_flex.pos,2,89,87.9941100082397,96.70330047607422,96.79120635986328,96.87911987304688,96.96703338623047
real,Real,elbow_flex.pos,2,90,93.18505775451666,96.70330047607422,96.79120635986328,96.79120635986328,96.96703338623047
real,Real,elbow_flex.pos,2,91,96.60202410888672,96.70330047607422,96.79120635986328,96.87648246765137,96.96703338623047
real,Real,elbow_flex.pos,2,92,96.70330047607422,96.70330047607422,96.79120635986328,96.8184595489502,96.96703338623047
real,Real,elbow_flex.pos,2,93,96.70330047607422,96.72527694702148,96.79120635986328,96.87911987304688,97.05494689941406
real,Real,elbow_flex.pos,2,94,96.70330047607422,96.79120635986328,96.79120635986328,96.87911987304688,97.05494689941406
real,Real,elbow_flex.pos,2,95,96.70330047607422,96.79120635986328,96.79120635986328,96.87911987304688,96.96703338623047
real,Real,elbow_flex.pos,2,96,96.70330047607422,96.79120635986328,96.79120635986328,96.87911987304688,96.97582473754883
real,Real,elbow_flex.pos,2,97,96.70330047607422,96.79120635986328,96.79120635986328,96.87911987304688,96.96703338623047
real,Real,elbow_flex.pos,2,98,96.70330047607422,96.79120635986328,96.79120635986328,96.87911987304688,96.96703338623047
real,Real,elbow_flex.pos,2,99,96.70330047607422,96.79120635986328,96.79120635986328,96.87911987304688,96.96703338623047
real,Real,elbow_flex.pos,2,100,96.70330047607422,96.79120635986328,96.79120635986328,96.87911987304688,96.96703338623047
real,Real,wrist_flex.pos,3,0,74.35604400634766,76.41758346557617,77.010986328125,77.51648139953613,77.89889755249024
real,Real,wrist_flex.pos,3,1,74.43516616821289,76.41758346557617,77.0549430847168,77.51648139953613,77.89889755249024
real,Real,wrist_flex.pos,3,2,74.43516616821289,76.41758346557617,77.0549430847168,77.51648139953613,77.89889755249024
real,Real,wrist_flex.pos,3,3,74.43516616821289,76.3389027786255,77.0549430847168,77.51648139953613,77.89889755249024
real,Real,wrist_flex.pos,3,4,74.18021774291992,76.32967185974121,77.0549430847168,77.51648139953613,77.89889755249024
real,Real,wrist_flex.pos,3,5,74.00439758300782,76.24175834655762,77.010986328125,77.45054626464844,77.97801971435547
real,Real,wrist_flex.pos,3,6,74.08351974487304,76.24175834655762,77.010986328125,77.45054626464844,77.97801971435547
real,Real,wrist_flex.pos,3,7,73.58206541442871,76.21977996826172,76.9643962097168,77.45054626464844,77.89889755249024
real,Real,wrist_flex.pos,3,8,71.65819689941407,75.95604515075684,76.92308044433594,77.36264038085938,77.80220031738281
real,Real,wrist_flex.pos,3,9,68.27252578735352,75.67472553253174,76.79121017456055,77.27472686767578,77.63516464233399
real,Real,wrist_flex.pos,3,10,64.03516540527343,74.70329475402832,76.52307395935058,77.18681335449219,77.55604248046875
real,Real,wrist_flex.pos,3,11,57.05485684967041,71.77670150756836,76.40571617126466,77.0988998413086,77.5472511291504
real,Real,wrist_flex.pos,3,12,51.07094543457031,68.68131637573242,75.91209030151367,76.98900985717773,77.53845977783203
real,Real,wrist_flex.pos,3,13,43.50329666137695,64.79933925628661,74.9450569152832,76.81318855285645,77.45054626464844
real,Real,wrist_flex.pos,3,14,43.40219650268555,58.70769128799438,69.42153602600098,76.3956069946289,77.01977767944337
real,Real,wrist_flex.pos,3,15,43.32307777404785,56.46373624801636,65.4065933227539,76.35165023803711,76.75604476928712
real,Real,wrist_flex.pos,3,16,41.42452619934081,54.69890110015869,61.902417831420905,75.26505638122559,76.74725341796875
real,Real,wrist_flex.pos,3,17,36.659693077087404,51.411648960113524,58.901099395751956,74.24175834655762,76.74725341796875
real,Real,wrist_flex.pos,3,18,33.53599934387207,48.331427726745616,56.619780731201175,73.09626201629638,76.65933990478516
real,Real,wrist_flex.pos,3,19,32.25503341484068,44.19846228599548,56.396044635772704,70.0879135131836,76.65933990478516
real,Real,wrist_flex.pos,3,20,30.470330238342285,43.384615898132324,55.50769233703613,69.25274658203125,76.01758499145508
real,Real,wrist_flex.pos,3,21,30.057757448196412,39.76219815254211,54.55648380279541,65.73604217529298,74.37362518310547
real,Real,wrist_flex.pos,3,22,24.775208465576164,38.17582416534424,53.77406570434572,63.07692337036133,74.28571166992188
real,Real,wrist_flex.pos,3,23,22.461538887023927,35.48549379348755,51.379779701232906,61.97802257537842,74.28571166992188
real,Real,wrist_flex.pos,3,24,21.9780216217041,35.20967178344726,51.16483497619629,61.0830765914917,70.87121002197267
real,Real,wrist_flex.pos,3,25,20.360440111160287,33.25274848937988,47.076921463012695,60.406594038009644,71.12967071533208
real,Real,wrist_flex.pos,3,26,19.115252227783202,30.685274810791014,44.73494415283203,59.58241844177246,71.17802017211916
real,Real,wrist_flex.pos,3,27,16.87033042907715,29.455385031700132,44.70593395233155,58.5274715423584,69.86426223754884
real,Real,wrist_flex.pos,3,28,16.694505500793458,28.395604133605957,44.209231567382815,57.21318645477295,67.67964746093752
real,Real,wrist_flex.pos,3,29,16.55085708808899,28.460219163894653,42.22153858184814,56.64725275039673,68.09916708374024
real,Real,wrist_flex.pos,3,30,17.169231605529784,25.969230461120606,40.17582321166992,55.64835052490234,65.95164489746097
real,Real,wrist_flex.pos,3,31,17.172220600128174,28.784175548553463,40.16131938934326,54.681318283081055,65.68220014953614
real,Real,wrist_flex.pos,3,32,17.17802276611328,29.32395622253417,40.30769348144531,53.23692394256592,59.82769334411623
real,Real,wrist_flex.pos,3,33,17.098900604248048,29.71428632736206,40.21142854690552,53.47252655029297,59.71868247985841
real,Real,wrist_flex.pos,3,34,17.03736267089844,30.04395627975464,40.17582321166992,53.80219745635986,58.89230766296387
real,Real,wrist_flex.pos,3,35,17.1164831161499,25.657142877578735,40.17582321166992,53.80219745635986,59.640880317687994
real,Real,wrist_flex.pos,3,36,16.44800070953369,26.582857227325434,40.17582321166992,53.60439491271973,58.34936177062989
real,Real,wrist_flex.pos,3,37,16.350769977569584,28.22197856903076,40.08791160583496,54.13934037208556,59.953231277465825
real,Real,wrist_flex.pos,3,38,16.50989007949829,28.439559936523438,40.13186836242676,54.7336268234253,59.854594100952156
real,Real,wrist_flex.pos,3,39,16.272527027130128,28.43296699523926,40.14329711914063,54.12329518318176,59.26153984069825
real,Real,wrist_flex.pos,3,40,16.272527027130128,28.703296184539795,39.912086486816406,53.758240699768066,62.373625946044925
real,Real,wrist_flex.pos,3,41,16.213977897644046,31.015164928436285,40.087913513183594,54.2637357711792,62.7257145881653
real,Real,wrist_flex.pos,3,42,16.257758178710937,31.12087869644165,40.60131889343262,54.55252784729004,66.56457466125488
real,Real,wrist_flex.pos,3,43,17.493627147674562,31.12087869644165,41.75384605407714,55.2087926864624,66.65494766235352
real,Real,wrist_flex.pos,3,44,17.59296745300293,31.31868076324463,42.44395561218262,57.32395652770996,67.16764498901367
real,Real,wrist_flex.pos,3,45,17.966593513488753,31.42857074737549,44.0791221618652,57.27472496032715,68.88791427612306
real,Real,wrist_flex.pos,3,46,19.805714950561526,32.87912178039551,47.133186454772954,58.94945079803465,70.29204408264162
real,Real,wrist_flex.pos,3,47,20.123077201843262,33.07692337036133,47.88923027038577,59.50593486785888,73.23340370178222
real,Real,wrist_flex.pos,3,48,20.123077201843262,33.868133544921875,48.06153755187988,59.4945068359375,74.26812973022462
real,Real,wrist_flex.pos,3,49,20.123077201843262,34.19780349731445,48.967031478881836,59.59516603469849,76.76202310180666
real,Real,wrist_flex.pos,3,50,20.527472305297852,34.263737201690674,49.208790779113784,59.93406677246094,77.28351821899415
real,Real,wrist_flex.pos,3,51,20.914461580276484,34.13186836242676,50.65758279800415,60.77186880111692,76.86153869628907
real,Real,wrist_flex.pos,3,52,21.58487882232666,34.1230770111084,49.58417671203613,61.142855644226074,76.76729617309572
real,Real,wrist_flex.pos,3,53,21.76879168319702,34.36681341171265,50.87868181228638,60.5274715423584,76.71208724975587
real,Real,wrist_flex.pos,3,54,23.193846378326416,34.023737258911126,50.66373588562015,60.74417593002319,74.51745066833497
real,Real,wrist_flex.pos,3,55,24.25494499206543,34.41428670883178,49.55604400634763,60.92966961860656,72.26373291015625
real,Real,wrist_flex.pos,3,56,24.682198028564454,37.2720880508423,49.49450492858887,62.567033042907724,72.93186981201171
real,Real,wrist_flex.pos,3,57,28.527471923828127,34.806593875885014,49.06549348831176,60.439560890197754,73.6360460662842
real,Real,wrist_flex.pos,3,58,24.04395694732666,34.46945220947266,47.29670333862305,59.124396934509285,72.52905513000489
real,Real,wrist_flex.pos,3,59,26.147253036499023,34.3835171699524,46.50549507141113,57.941977367401094,70.99375888824466
real,Real,wrist_flex.pos,3,60,23.973626327514648,33.956044387817386,46.50549507141113,57.393405532836915,69.99560089111328
real,Real,wrist_flex.pos,3,61,24.245802375793467,33.69230842590332,46.10988998413086,56.28571605682373,68.20219650268555
real,Real,wrist_flex.pos,3,62,23.674724769592284,33.758243560791016,45.283515548706035,55.852306632995614,68.21098785400392
real,Real,wrist_flex.pos,3,63,23.674724769592284,32.747252464294434,44.83516502380371,55.42857074737549,66.54945068359376
real,Real,wrist_flex.pos,3,64,23.736263275146484,31.393406009674074,42.72527503967285,54.39120979309082,64.63296661376955
real,Real,wrist_flex.pos,3,65,23.683516120910646,30.90109872817993,42.70109882354736,53.67033100128174,64.46769058227541
real,Real,wrist_flex.pos,3,66,23.13846206665039,30.98901081085205,42.63736343383789,52.80263710021971,64.08685707092286
real,Real,wrist_flex.pos,3,67,23.129670715332033,30.593406677246094,42.24175834655762,52.41758155822754,64.10707789611817
real,Real,wrist_flex.pos,3,68,21.228306999206545,29.81186830520629,41.010990142822266,52.41758155822754,63.42821839904786
real,Real,wrist_flex.pos,3,69,21.133801702499394,29.14285659790039,41.01098823547363,52.75428672790524,62.531866836547856
real,Real,wrist_flex.pos,3,70,21.424175453186034,29.14285659790039,41.529670333862306,54.461538314819336,62.513405380249026
real,Real,wrist_flex.pos,3,71,21.9469886341095,28.965933990478515,41.970548973083496,54.86637369155888,61.31868133544923
real,Real,wrist_flex.pos,3,72,22.04835090637207,29.14285659790039,41.67033004760742,55.472527503967285,62.47068208312989
real,Real,wrist_flex.pos,3,73,23.82637343406677,29.494505882263184,41.89011001586914,55.62637233734131,62.89353903198242
real,Real,wrist_flex.pos,3,74,23.88571376800537,29.934065341949463,41.65714302062989,55.472527503967285,61.53494476318361
real,Real,wrist_flex.pos,3,75,24.38461499214172,30.64835166931154,41.67033004760742,53.20879006385803,60.4747241973877
real,Real,wrist_flex.pos,3,76,24.483517265319826,31.626373767852783,42.17142723083495,54.814064636230455,60.4747241973877
real,Real,wrist_flex.pos,3,77,24.503297376632688,33.86813163757324,42.99164726257324,55.45582334518433,60.52993427276612
real,Real,wrist_flex.pos,3,78,24.861890914916994,34.72527503967285,45.18681335449219,55.45054912567139,60.562637710571295
real,Real,wrist_flex.pos,3,79,27.146373519897516,35.358243064880384,46.367471942901616,55.89011001586914,60.31463834762573
real,Real,wrist_flex.pos,3,80,29.002197074890137,36.17582321166992,48.21977996826172,55.657141304016115,60.3428581237793
real,Real,wrist_flex.pos,3,81,29.573626136779787,37.57164855003357,47.38461494445801,56.219780921936035,61.418902435302755
real,Real,wrist_flex.pos,3,82,30.080000518798826,38.74725341796875,48.90461585998534,57.03296661376953,64.80000076293948
real,Real,wrist_flex.pos,3,83,33.6759554901123,41.12087917327881,50.71648368835449,57.85714349746705,66.20255145263674
real,Real,wrist_flex.pos,3,84,38.92606530761719,45.056702117919926,52.61890098571776,59.274725914001465,67.00905459594722
real,Real,wrist_flex.pos,3,85,40.96703453063965,46.79121017456055,56.02637405395508,62.90329613685606,70.18725456237799
real,Real,wrist_flex.pos,3,86,41.52966957092285,48.468572044372564,57.53758323669433,64.43076934814452,74.39138447570801
real,Real,wrist_flex.pos,3,87,44.81406639099116,50.58879184722895,58.72527503967285,67.13406410217286,76.4043975830078
real,Real,wrist_flex.pos,3,88,48.456440505981504,56.13011093139649,62.29274719238278,70.29802024841308,76.93187103271484
real,Real,wrist_flex.pos,3,89,51.551912246704106,57.55736154556275,66.63824096679687,74.57757961273194,77.01485452270508
real,Real,wrist_flex.pos,3,90,56.055384521484406,59.4483525276184,72.53186798095703,76.90110206604004,77.55252586364746
real,Real,wrist_flex.pos,3,91,58.041054595947294,66.06154041290287,74.34329605102539,77.01164567947387,77.71428680419922
real,Real,wrist_flex.pos,3,92,62.21503370666501,70.34285812377931,76.43955993652344,77.27472686767578,77.71428680419922
real,Real,wrist_flex.pos,3,93,66.10786828613283,73.84725217819214,76.61538314819336,77.27472686767578,77.71428680419922
real,Real,wrist_flex.pos,3,94,69.39340667724609,74.99912284851074,76.67340606689453,77.34505767822266,77.72307815551758
real,Real,wrist_flex.pos,3,95,73.93406829833984,75.7692308425903,76.92308044433594,77.42856979370117,77.81099090576171
real,Real,wrist_flex.pos,3,96,74.02198028564453,76.24175834655762,76.92308044433594,77.53845977783203,77.89010620117188
real,Real,wrist_flex.pos,3,97,74.02198028564453,76.24175834655762,76.92308044433594,77.53845977783203,77.89010620117188
real,Real,wrist_flex.pos,3,98,74.02198028564453,76.24175834655762,76.92308044433594,77.53845977783203,77.89010620117188
real,Real,wrist_flex.pos,3,99,74.02198028564453,76.24175834655762,76.92308044433594,77.53845977783203,77.89010620117188
real,Real,wrist_flex.pos,3,100,74.02198028564453,76.21977996826172,76.92308044433594,77.53845977783203,77.89010620117188
real,Real,wrist_roll.pos,4,0,-102.80439834594726,-95.4505500793457,-89.14286041259766,-82.57143020629883,-75.99999694824218
real,Real,wrist_roll.pos,4,1,-102.80439834594726,-95.4505500793457,-89.14286041259766,-82.57143020629883,-75.99999694824218
real,Real,wrist_roll.pos,4,2,-102.80439834594726,-95.4505500793457,-89.14286041259766,-82.57143020629883,-75.99999694824218
real,Real,wrist_roll.pos,4,3,-102.80439834594726,-95.78022003173828,-89.14286041259766,-82.844395942688,-75.99999694824218
real,Real,wrist_roll.pos,4,4,-102.80439834594726,-95.68791084289552,-89.14286041259766,-82.83516502380371,-75.99999694824218
real,Real,wrist_roll.pos,4,5,-102.80439834594726,-95.74725246429443,-89.15384941101074,-82.98901176452637,-75.99999694824218
real,Real,wrist_roll.pos,4,6,-103.12685798645019,-95.5164852142334,-89.14286041259766,-82.98901176452637,-75.99999694824218
real,Real,wrist_roll.pos,4,7,-102.96263580322265,-95.5164852142334,-89.14286041259766,-82.98901176452637,-75.99999694824218
real,Real,wrist_roll.pos,4,8,-103.13846206665039,-95.5164852142334,-89.09890365600586,-82.98901176452637,-75.99999694824218
real,Real,wrist_roll.pos,4,9,-103.05019728851319,-95.5164852142334,-89.06373825073243,-83.01099014282227,-75.99999694824218
real,Real,wrist_roll.pos,4,10,-102.71648483276367,-95.5164852142334,-89.05494689941406,-82.98901176452637,-75.99999694824218
real,Real,wrist_roll.pos,4,11,-102.71648483276367,-95.5164852142334,-89.07868354797364,-82.98901176452637,-75.92879009246826
real,Real,wrist_roll.pos,4,12,-102.71648483276367,-95.5164852142334,-89.39076889038085,-82.98901176452637,-76.86083810424805
real,Real,wrist_roll.pos,4,13,-102.71648483276367,-95.6032986831665,-89.14285659790039,-82.98901176452637,-76.73213334655762
real,Real,wrist_roll.pos,4,14,-103.04984565734863,-95.42901313781738,-89.09890365600586,-83.19076755523682,-76.23068276977537
real,Real,wrist_roll.pos,4,15,-103.05933990478516,-95.69230842590332,-89.36703224182129,-83.36263656616211,-76.35164489746093
real,Real,wrist_roll.pos,4,16,-102.79560699462891,-95.70549430847169,-89.32219818115234,-83.36263656616211,-77.69670104980466
real,Real,wrist_roll.pos,4,17,-103.28791198730468,-96.32966995239258,-89.67032623291016,-84.15384483337402,-78.36844108581545
real,Real,wrist_roll.pos,4,18,-103.37723211669922,-97.53758129119873,-90.02197647094727,-84.68131637573242,-79.41556011962889
real,Real,wrist_roll.pos,4,19,-103.75384674072265,-97.62637138366699,-90.4615364074707,-85.5164852142334,-79.61459478759765
real,Real,wrist_roll.pos,4,20,-103.8329689025879,-98.35165023803711,-91.69231033325195,-86.06593322753906,-79.96483535766602
real,Real,wrist_roll.pos,4,21,-103.99367014312743,-100.54944801330566,-92.70329666137695,-86.24175834655762,-79.99762642669678
real,Real,wrist_roll.pos,4,22,-105.80219497680665,-100.4615364074707,-93.53845977783203,-86.7094499206543,-81.56220011901854
real,Real,wrist_roll.pos,4,23,-107.05934295654296,-100.61274723052978,-93.5692295074463,-87.7199973678589,-81.19560317993162
real,Real,wrist_roll.pos,4,24,-107.07691955566406,-101.010986328125,-94.19780349731445,-88.92307662963867,-81.71287768554687
real,Real,wrist_roll.pos,4,25,-107.07691955566406,-101.74725437164307,-94.82417583465576,-89.10989093780518,-82.02198028564453
real,Real,wrist_roll.pos,4,26,-108.42198028564454,-102.45714263916015,-95.32747253417969,-89.5824203491211,-82.09793756103515
real,Real,wrist_roll.pos,4,27,-112.29855206298828,-102.69889991760252,-96.54593635559081,-89.58461799621583,-82.2505485534668
real,Real,wrist_roll.pos,4,28,-115.71094754028321,-104.72615409851075,-98.84307723999024,-89.6325291442871,-82.66866006469726
real,Real,wrist_roll.pos,4,29,-116.44210975646972,-104.90439500808716,-98.1525277709961,-89.84615325927734,-82.2595154724121
real,Real,wrist_roll.pos,4,30,-118.28571472167968,-104.99120960235595,-98.5054931640625,-89.86813163757324,-85.47252769470212
real,Real,wrist_roll.pos,4,31,-119.39850337219238,-105.60439491271973,-99.07692337036133,-90.10989189147949,-85.77300997924802
real,Real,wrist_roll.pos,4,32,-120.27252883911133,-106.37362480163574,-99.51648330688477,-91.95604515075684,-85.75824127197264
real,Real,wrist_roll.pos,4,33,-120.06434963989257,-105.7958242225647,-99.76791213989259,-91.95604515075684,-85.37995553588866
real,Real,wrist_roll.pos,4,34,-120.33336499023437,-105.27472496032715,-99.9226393890381,-91.69231033325195,-85.11648635864256
real,Real,wrist_roll.pos,4,35,-119.70109786987305,-105.14285469055176,-99.84615325927734,-91.57912178039548,-85.99560394287109
real,Real,wrist_roll.pos,4,36,-120.57142791748046,-105.23076629638672,-99.56044006347656,-91.91912147521973,-85.99560394287109
real,Real,wrist_roll.pos,4,37,-120.49230575561523,-106.61538124084473,-100.21098861694335,-91.89011001586914,-85.1076950073242
real,Real,wrist_roll.pos,4,38,-121.05846292114258,-107.47252464294434,-100.57142639160156,-91.57186882019043,-85.1076950073242
real,Real,wrist_roll.pos,4,39,-119.5604377746582,-108.05670230865478,-100.15824089050292,-91.31868171691895,-85.1076950073242
real,Real,wrist_roll.pos,4,40,-119.5604377746582,-108.65933799743652,-100.52746963500977,-91.25274658203125,-85.14285964965818
real,Real,wrist_roll.pos,4,41,-119.56922836303711,-109.47252655029297,-100.33845939636231,-91.25274658203125,-85.99560394287109
real,Real,wrist_roll.pos,4,42,-119.52879028320312,-108.8334049987793,-100.52746963500977,-91.31868171691895,-85.99560394287109
real,Real,wrist_roll.pos,4,43,-119.3142822265625,-108.90109825134277,-100.48351287841797,-91.5824203491211,-85.99560394287109
real,Real,wrist_roll.pos,4,44,-117.46813354492187,-107.48571243286132,-100.52746963500977,-91.31868171691895,-85.24835464477538
real,Real,wrist_roll.pos,4,45,-119.1560447692871,-107.38901062011719,-100.57142639160156,-91.7956048965454,-85.1481344604492
real,Real,wrist_roll.pos,4,46,-117.22197570800782,-108.01933883666993,-100.57142639160156,-91.80219841003418,-85.48202235412596
real,Real,wrist_roll.pos,4,47,-117.19999752044677,-106.35164833068848,-100.57142639160156,-91.5824203491211,-85.67032623291014
real,Real,wrist_roll.pos,4,48,-115.5868148803711,-106.32966995239258,-100.61538314819336,-91.5824203491211,-85.63832797241209
real,Real,wrist_roll.pos,4,49,-115.54285888671875,-106.66637298583984,-100.57142639160156,-91.69186695098878,-85.47692260742187
real,Real,wrist_roll.pos,4,50,-114.83516426086423,-106.74725341796875,-100.48351287841797,-91.67032814025879,-85.63516349792478
real,Real,wrist_roll.pos,4,51,-113.8021957397461,-106.51648342132569,-100.52746963500977,-92.07208908081054,-86.21538619995117
real,Real,wrist_roll.pos,4,52,-113.88131790161133,-106.59780227661135,-100.61538314819336,-92.18901290893555,-86.30329971313476
real,Real,wrist_roll.pos,4,53,-113.29230499267578,-106.19868072509766,-100.65933990478516,-93.18681335449219,-88.67692337036131
real,Real,wrist_roll.pos,4,54,-112.66391445922851,-105.49802337646484,-100.87911987304688,-93.23077011108398,-88.96703338623047
real,Real,wrist_roll.pos,4,55,-111.68351821899414,-105.0549430847168,-100.83516311645508,-92.59340858459473,-88.91428604125976
real,Real,wrist_roll.pos,4,56,-111.15955780029296,-104.72527313232422,-100.98461380004883,-92.65933799743652,-88.19340591430662
real,Real,wrist_roll.pos,4,57,-111.0593391418457,-104.24175643920898,-100.61538314819336,-93.27472496032715,-88.20219726562497
real,Real,wrist_roll.pos,4,58,-111.13846130371094,-105.21098766326904,-100.69010963439942,-93.37846153259277,-89.13406906127929
real,Real,wrist_roll.pos,4,59,-112.15630878448486,-105.38461494445801,-100.36131690979005,-93.61933948516845,-89.3910326309204
real,Real,wrist_roll.pos,4,60,-112.12307815551758,-105.23076820373535,-100.61538314819336,-93.97801971435547,-89.65274429321289
real,Real,wrist_roll.pos,4,61,-112.10215526580811,-105.25274658203125,-100.62461406707763,-93.97801971435547,-89.74065780639648
real,Real,wrist_roll.pos,4,62,-110.58461303710938,-105.25274658203125,-100.69010963439942,-93.91208457946777,-89.74944839477538
real,Real,wrist_roll.pos,4,63,-110.58461303710938,-105.31868171691895,-100.61538314819336,-93.80220031738281,-89.65274429321289
real,Real,wrist_roll.pos,4,64,-110.6890542907715,-105.48571548461913,-100.87912368774414,-93.82417678833008,-89.75085501098633
real,Real,wrist_roll.pos,4,65,-112.21099014282227,-105.4065933227539,-100.90329608917236,-93.89010620117188,-89.73186645507812
real,Real,wrist_roll.pos,4,66,-112.20870439147949,-105.4065933227539,-101.01099014282227,-93.89010620117188,-89.55604629516601
real,Real,wrist_roll.pos,4,67,-113.36263580322266,-106.66900848388671,-100.9450569152832,-93.9285683631897,-89.43718634033203
real,Real,wrist_roll.pos,4,68,-111.23973767089844,-106.69802375793458,-101.010986328125,-93.75824165344238,-89.39147219848633
real,Real,wrist_roll.pos,4,69,-111.29573857879639,-106.70329475402832,-101.010986328125,-93.21802265167236,-89.21318435668945
real,Real,wrist_roll.pos,4,70,-111.22637557983398,-105.90329666137694,-100.7208797454834,-93.20879173278809,-89.25626121520996
real,Real,wrist_roll.pos,4,71,-110.58461380004883,-105.20879173278809,-100.57142639160156,-93.24901100158692,-89.14286041259766
real,Real,wrist_roll.pos,4,72,-110.42531604003906,-104.26373481750488,-100.42197875976562,-93.19824234008789,-89.30953680419921
real,Real,wrist_roll.pos,4,73,-110.32501358795166,-104.24175643920898,-100.26373672485352,-93.20879173278809,-89.22514031982422
real,Real,wrist_roll.pos,4,74,-110.18022003173829,-103.64834976196289,-99.73274673461914,-93.20879173278809,-89.09890441894531
real,Real,wrist_roll.pos,4,75,-110.18022003173829,-103.03296852111816,-99.27472496032715,-92.08791446685791,-88.64176177978516
real,Real,wrist_roll.pos,4,76,-110.18022003173829,-103.18681526184082,-97.67033004760742,-90.70329856872559,-86.89230575561523
real,Real,wrist_roll.pos,4,77,-110.44395370483399,-103.16263904571534,-97.5824203491211,-90.0,-86.45300984191896
real,Real,wrist_roll.pos,4,78,-108.993408203125,-103.25274467468262,-97.5384635925293,-89.99164894104004,-85.76703491210937
real,Real,wrist_roll.pos,4,79,-108.83516693115234,-103.00219688415527,-96.52747344970703,-89.58241844177246,-85.92527236938476
real,Real,wrist_roll.pos,4,80,-108.993408203125,-102.90109825134277,-96.52747344970703,-89.49890060424805,-84.91076721191405
real,Real,wrist_roll.pos,4,81,-107.69230499267579,-102.45714073181152,-95.64835357666016,-89.20879364013672,-84.48588806915284
real,Real,wrist_roll.pos,4,82,-107.58540794372558,-101.86812973022461,-94.76923370361328,-89.07692527770996,-82.92378088378906
real,Real,wrist_roll.pos,4,83,-107.65248093414307,-101.72395729064941,-94.5397794342041,-89.05494689941406,-82.7148994064331
real,Real,wrist_roll.pos,4,84,-107.61318435668946,-101.21670394897461,-94.0887907409668,-88.90109825134277,-81.5398709411621
real,Real,wrist_roll.pos,4,85,-107.0971417236328,-100.84725503921509,-93.36263656616211,-88.39890356063839,-80.71208572387695
real,Real,wrist_roll.pos,4,86,-106.93415487670897,-100.65933990478516,-92.52747344970703,-85.97802352905273,-78.83955764770508
real,Real,wrist_roll.pos,4,87,-105.43296585083007,-100.57142639160156,-91.67033004760745,-85.44505672454835,-78.83955764770508
real,Real,wrist_roll.pos,4,88,-104.89775765991212,-100.15384490966798,-91.64835357666016,-85.27472686767578,-77.8176695251465
real,Real,wrist_roll.pos,4,89,-103.34681350708007,-98.58417385101318,-91.20879364013672,-84.59340858459473,-77.07252655029296
real,Real,wrist_roll.pos,4,90,-102.94505310058594,-98.11208972930908,-89.73626327514648,-84.59340858459473,-75.99120635986327
real,Real,wrist_roll.pos,4,91,-101.87252960205078,-97.12087631225586,-89.4945068359375,-83.0470316696167,-75.43595919799805
real,Real,wrist_roll.pos,4,92,-101.88132095336914,-96.85714149475098,-89.4065933227539,-81.67033195495605,-74.08351669311521
real,Real,wrist_roll.pos,4,93,-101.56483383178711,-96.9512099838257,-89.09890365600586,-81.72395301818847,-74.00439453124997
real,Real,wrist_roll.pos,4,94,-101.56483383178711,-96.39560508728027,-89.05494689941406,-81.27472686767578,-73.72114405822752
real,Real,wrist_roll.pos,4,95,-101.81802406311034,-96.39560508728027,-89.05494689941406,-81.34065628051758,-73.76703491210935
real,Real,wrist_roll.pos,4,96,-101.81978225708008,-96.39560508728027,-89.05494689941406,-81.53846168518066,-73.76703491210935
real,Real,wrist_roll.pos,4,97,-101.82857360839844,-96.39560508728027,-89.05494689941406,-81.53846168518066,-73.76703491210935
real,Real,wrist_roll.pos,4,98,-101.82857360839844,-96.41758346557617,-89.05494689941406,-81.53846168518066,-73.76703491210935
real,Real,wrist_roll.pos,4,99,-101.82857360839844,-96.41758346557617,-89.05494689941406,-81.53846168518066,-73.76703491210935
real,Real,wrist_roll.pos,4,100,-101.82857360839844,-96.41758346557617,-89.05494689941406,-81.53846168518066,-73.76703491210935
real,Real,gripper.pos,5,0,0.14832161813974384,0.4683840870857239,0.9367681741714478,1.4832162857055664,3.5519125699996983
real,Real,gripper.pos,5,1,0.14832161813974384,0.4683840870857239,0.9367681741714478,1.4832162857055664,3.5519125699996983
real,Real,gripper.pos,5,2,0.14832161813974384,0.4683840870857239,0.9367681741714478,1.4832162857055664,3.5519125699996983
real,Real,gripper.pos,5,3,0.07806400954723358,0.4683840870857239,0.9367681741714478,1.4832162857055664,3.5323965609073658
real,Real,gripper.pos,5,4,0.14145198529958733,0.4683840870857239,0.9367681741714478,1.4832162857055664,3.4426229953765874
real,Real,gripper.pos,5,5,0.14832161813974384,0.4683840870857239,0.9367681741714478,1.4832162857055664,3.083528542518619
real,Real,gripper.pos,5,6,0.07806400954723358,0.4098360687494278,0.9367681741714478,1.4637002646923065,3.083528542518619
real,Real,gripper.pos,5,7,0.07025760859251025,0.3903200626373291,0.9367681741714478,1.476385660767555,3.1889149165153525
real,Real,gripper.pos,5,8,0.07025760859251025,0.3270882037281989,0.9367681741714478,1.4832162857055664,3.4426229953765874
real,Real,gripper.pos,5,9,0.0,0.3122560381889343,0.9367681741714478,1.3951990461349488,3.4504293918609634
real,Real,gripper.pos,5,10,0.0,0.32982044368982316,0.9367681741714478,1.4715066820383071,3.380171823501589
real,Real,gripper.pos,5,11,0.0,0.3903200626373291,0.9367681741714478,1.4832162857055664,3.380171823501589
real,Real,gripper.pos,5,12,0.0,0.3903200626373291,0.9367681741714478,1.4832162857055664,3.075722146034243
real,Real,gripper.pos,5,13,0.0,0.3903200626373291,0.9367681741714478,1.478337278962135,3.075722146034243
real,Real,gripper.pos,5,14,0.1405152171850205,0.4683840870857239,0.9367681741714478,1.4832162857055664,3.380171823501589
real,Real,gripper.pos,5,15,0.15612801909446716,0.4683840870857239,0.9367681741714478,1.7076503038406377,5.503512859344486
real,Real,gripper.pos,5,16,0.15612801909446716,0.4683840870857239,1.0538641810417175,1.9516003131866455,6.565183258056641
real,Real,gripper.pos,5,17,0.15612801909446716,0.520686983466149,1.1709601879119873,3.024980455636978,10.278219729423535
real,Real,gripper.pos,5,18,0.15612801909446716,0.5464481115341187,1.1709601879119873,3.4933645129203796,17.67306857299806
real,Real,gripper.pos,5,19,0.15612801909446716,0.5464481115341187,1.4832162857055664,7.0286884069442745,18.813426971435554
real,Real,gripper.pos,5,20,0.15612801909446716,0.6830600947141647,1.5222482681274414,14.03200612068174,22.81186515808105
real,Real,gripper.pos,5,21,0.15612801909446716,0.858704149723053,1.7174082398414612,16.471310958862304,24.508665405273454
real,Real,gripper.pos,5,22,0.22638564109802248,0.9367681741714478,3.2209211111068665,19.11358291625977,26.540202320098896
real,Real,gripper.pos,5,23,0.50312254264951,1.311670550405979,8.704137086868286,22.072599411010742,28.89149055480958
real,Real,gripper.pos,5,24,0.5464481115341187,1.7369242906570435,16.786884536743166,22.96018657684329,30.08587112426758
real,Real,gripper.pos,5,25,0.9367681741714478,3.0640124082565308,20.53083562850952,26.51736843585968,31.895003509521487
real,Real,gripper.pos,5,26,1.2911787581443812,13.711163368225098,22.521467208862305,28.362997579574582,34.382199874877934
real,Real,gripper.pos,5,27,1.5576893036365504,16.538836765289307,23.035908737182616,30.366901397705078,34.8315394897461
real,Real,gripper.pos,5,28,1.7923497056961057,19.10226364135742,24.1764247894287,30.661983184814453,35.1487914428711
real,Real,gripper.pos,5,29,11.45409856414795,19.257415771484375,25.019515991210938,32.292739410400394,36.17486419677735
real,Real,gripper.pos,5,30,14.772833538055432,20.68696403503418,26.44028129577635,32.267758941650385,36.17486419677735
real,Real,gripper.pos,5,31,15.963700027465816,21.93598747253418,26.939891433715815,31.966822357177733,36.19594146728516
real,Real,gripper.pos,5,32,14.802809852600095,19.906322479248047,27.166276931762695,31.772052764892578,36.143638610839844
real,Real,gripper.pos,5,33,10.400937000274647,19.73926559448244,26.81498908996582,31.67447280883789,35.722093200683595
real,Real,gripper.pos,5,34,9.095550408363339,17.720531463623047,26.990633010864258,31.772052764892578,36.099922790527344
real,Real,gripper.pos,5,35,4.104215509891495,16.369047605991362,26.20608854293824,31.947696685791016,36.46682342529297
real,Real,gripper.pos,5,36,1.9516003131866455,14.617486238479614,24.551132202148438,32.06479263305664,36.526152038574224
real,Real,gripper.pos,5,37,2.505854892730713,10.187353372573853,23.261904516220078,31.947696685791016,36.94207684326173
real,Real,gripper.pos,5,38,1.2256049513816833,6.261514487266544,21.64168634414672,28.551912307739258,36.10148406982422
real,Real,gripper.pos,5,39,0.858704149723053,4.547228651642822,18.227947235107422,27.59758019447328,35.375489196777345
real,Real,gripper.pos,5,40,0.9289617717266083,3.8836846351623535,17.681499481201172,27.12724494934082,32.25604934692383
real,Real,gripper.pos,5,41,0.9289617717266083,2.75039039358491,14.676033973693848,25.604995727539062,31.672911529541036
real,Real,gripper.pos,5,42,0.7806401252746582,2.1467602849006653,9.953161239624023,24.203357238769527,29.37330135345459
real,Real,gripper.pos,5,43,0.6245120763778687,1.8155737650394446,8.731850509643554,19.357143316268974,31.16315383911134
real,Real,gripper.pos,5,44,0.6223262853622438,1.6783762276172638,6.376268463134766,14.594847440719597,27.150664138793957
real,Real,gripper.pos,5,45,0.6245120763778687,1.580796241760254,6.014832305908204,11.89305263757706,26.799376296997085
real,Real,gripper.pos,5,46,0.6245120763778687,1.1846214085817297,5.519125652313233,11.221701622009277,20.461826873779287
real,Real,gripper.pos,5,47,0.6167056798934937,1.0343481600284576,5.126463670730591,9.836065292358398,14.894613170623792
real,Real,gripper.pos,5,48,0.5464481115341187,1.0148321390151978,4.879000663757324,8.645589590072632,12.903981113433852
real,Real,gripper.pos,5,49,0.5464481115341187,1.0148321390151978,3.7080405950546265,8.411396980285645,12.568618204116822
real,Real,gripper.pos,5,50,0.5308353066444398,1.0148321390151978,3.434816598892212,8.255269050598145,11.412958335876466
real,Real,gripper.pos,5,51,0.5074161022901537,1.0148321390151978,3.434816598892212,8.274785041809082,11.249492393493654
real,Real,gripper.pos,5,52,0.5386417090892792,1.0148321390151978,3.161592483520508,8.040593147277832,10.562061119079592
real,Real,gripper.pos,5,53,0.5140515413880363,1.0148321390151978,3.161592483520508,8.274785041809082,10.819672203063968
real,Real,gripper.pos,5,54,0.5147541176080703,0.9562841653823853,3.3567525148391724,8.352849006652832,11.592505550384525
real,Real,gripper.pos,5,55,0.5386417090892792,1.0148321390151978,3.629976511001587,8.52849292755127,11.592505550384525
real,Real,gripper.pos,5,56,0.4533957943916318,1.0148321390151978,3.629976511001587,8.860265731811523,12.74473064422609
real,Real,gripper.pos,5,57,0.4644028218388558,1.0343481600284576,3.669008493423462,8.860265731811523,12.763465976715105
real,Real,gripper.pos,5,58,0.4683840870857239,1.0148321390151978,3.9843871498107912,9.035909652709961,14.536299497604373
real,Real,gripper.pos,5,59,0.4683840870857239,1.0928962230682373,4.21545672416687,10.480093717575073,18.56986671447758
real,Real,gripper.pos,5,60,0.46057768464088444,1.1904761791229248,4.761904716491699,10.304449796676636,15.06635400772097
real,Real,gripper.pos,5,61,0.5386417090892792,1.1910616597533226,5.659640789031982,11.090944480895999,17.719438568115248
real,Real,gripper.pos,5,62,0.46057768464088444,1.5050741529464742,6.206089019775391,11.95355224609375,19.219359588623053
real,Real,gripper.pos,5,63,0.38251366019248967,1.1723263072967525,7.625292787551885,14.21701790332803,19.13348922729493
real,Real,gripper.pos,5,64,0.5358314042091371,1.2021857738494872,7.962529182434082,17.360656585693356,22.80749364471446
real,Real,gripper.pos,5,65,0.5230289041996004,1.7642466366291019,7.743950235843621,17.603435516357422,23.731460571289062
real,Real,gripper.pos,5,66,0.8274785459041597,2.0686963200569153,8.554254503250148,16.19828224182129,23.064011955261222
real,Real,gripper.pos,5,67,0.45277128219604496,1.4104215414822439,9.865339345932027,16.012489869594503,22.032786960601808
real,Real,gripper.pos,5,68,0.37470726072788246,1.4910226213932012,7.19125677108768,16.00468356132509,23.80952453613282
real,Real,gripper.pos,5,69,0.23419204354286194,1.1319282054901123,6.768540172576921,15.773223772048894,23.33426938247681
real,Real,gripper.pos,5,70,0.23419204354286194,1.0928962230682373,5.9797032833099335,16.34855551719653,23.379391498565695
real,Real,gripper.pos,5,71,0.22638564109802248,0.8782201558351517,5.083528369665094,16.649687891006486,22.65534733772278
real,Real,gripper.pos,5,72,0.12021857470273974,0.5464481115341187,1.8345043063163757,11.546447944641127,20.533957977294904
real,Real,gripper.pos,5,73,0.10335674864054686,0.4098360687494278,1.1709601879119873,8.961358566284181,18.293130626678465
real,Real,gripper.pos,5,74,0.07806400954723358,0.4051522244513012,0.9758001565933228,6.45589370727539,16.882903213500978
real,Real,gripper.pos,5,75,0.0,0.23419204354286194,0.9367681741714478,4.60577666759491,10.895784544944764
real,Real,gripper.pos,5,76,0.0,0.23419204354286194,0.858704149723053,1.8540203273296356,7.751756572723397
real,Real,gripper.pos,5,77,0.009836065202949665,0.23419204354286194,0.858704149723053,1.795472264289856,6.926307624816901
real,Real,gripper.pos,5,78,0.0,0.23419204354286194,0.858704149723053,1.3661201894283295,5.49570646286011
real,Real,gripper.pos,5,79,0.0,0.17564402520656586,0.858704149723053,1.5601092910766592,5.464480876922607
real,Real,gripper.pos,5,80,0.07025760859251025,0.17564402520656586,0.858704149723053,1.4832162261009216,5.464480876922607
real,Real,gripper.pos,5,81,0.07806400954723358,0.23419204354286194,0.858704149723053,1.3877829727530504,5.472287273406983
real,Real,gripper.pos,5,82,0.07025760859251025,0.23419204354286194,0.858704149723053,1.4750195097923284,5.464480876922607
real,Real,gripper.pos,5,83,0.07564402525126888,0.25370804220438004,0.858704149723053,1.3186963307857522,4.863387870788576
real,Real,gripper.pos,5,84,0.07025760859251025,0.23419204354286194,0.858704149723053,1.2490241527557373,2.943013262748736
real,Real,gripper.pos,5,85,0.07025760859251025,0.25370804220438004,0.858704149723053,1.2295081615447998,2.8419203698635176
real,Real,gripper.pos,5,86,0.07025760859251025,0.23497267991304321,0.858704149723053,1.3637782686948756,2.240437245368962
real,Real,gripper.pos,5,87,0.07025760859251025,0.32591724321246146,0.858704149723053,1.4832162857055664,1.9523028935194064
real,Real,gripper.pos,5,88,0.0,0.23419204354286194,0.858704149723053,1.2490241527557373,1.9516003131866455
real,Real,gripper.pos,5,89,0.07025760859251025,0.3220140412449829,0.858704149723053,1.4832162857055664,1.9828259229660061
real,Real,gripper.pos,5,90,0.07025760859251025,0.3122560381889343,0.858704149723053,1.4832162857055664,1.8813427448272713
real,Real,gripper.pos,5,91,0.07025760859251025,0.25370804220438004,0.7806401252746582,1.4832162857055664,2.217018032073977
real,Real,gripper.pos,5,92,0.12302887904644173,0.25370804220438004,0.7806401252746582,1.4832162857055664,2.355347377777101
real,Real,gripper.pos,5,93,0.07806400954723358,0.3903200626373291,0.8196721374988556,1.4637002646923065,2.357533168792726
real,Real,gripper.pos,5,94,0.14832161813974384,0.3903200626373291,0.858704149723053,1.4051522016525269,2.201405239105226
real,Real,gripper.pos,5,95,0.14832161813974384,0.3903200626373291,0.858704149723053,1.4051522016525269,2.201405239105226
real,Real,gripper.pos,5,96,0.14832161813974384,0.3903200626373291,0.7806401252746582,1.4832162857055664,2.201405239105226
real,Real,gripper.pos,5,97,0.14832161813974384,0.3903200626373291,0.7806401252746582,1.4832162857055664,2.201405239105226
real,Real,gripper.pos,5,98,0.14832161813974384,0.3903200626373291,0.7806401252746582,1.4832162857055664,2.201405239105226
real,Real,gripper.pos,5,99,0.14832161813974384,0.3903200626373291,0.7806401252746582,1.4832162857055664,2.201405239105226
real,Real,gripper.pos,5,100,0.14832161813974384,0.3903200626373291,0.7806401252746582,1.4832162857055664,2.201405239105226
